Latitude,Longtitude
+ACI-53,5557968+ACI-,+ACI-9,9725576+ACI-
+ACI-53,5557971+ACI-,+ACI-9,9725568+ACI-
+ACI-53,5557974+ACI-,+ACI-9,9725545+ACI-
+ACI-53,5557976+ACI-,+ACI-9,9725527+ACI-
+ACI-53,5557975+ACI-,+ACI-9,972552+ACI-
+ACI-53,555797+ACI-,+ACI-9,9725502+ACI-
+ACI-53,5557962+ACI-,+ACI-9,9725494+ACI-
+ACI-53,5557955+ACI-,+ACI-9,9725482+ACI-
+ACI-53,5557948+ACI-,+ACI-9,9725467+ACI-
+ACI-53,555794+ACI-,+ACI-9,9725452+ACI-
+ACI-53,5557931+ACI-,+ACI-9,9725437+ACI-
+ACI-53,5557924+ACI-,+ACI-9,9725422+ACI-
+ACI-53,5557914+ACI-,+ACI-9,9725409+ACI-
+ACI-53,5557903+ACI-,+ACI-9,9725398+ACI-
+ACI-53,5557889+ACI-,+ACI-9,9725394+ACI-
+ACI-53,5557874+ACI-,+ACI-9,9725388+ACI-
+ACI-53,5557864+ACI-,+ACI-9,9725382+ACI-
+ACI-53,555785+ACI-,+ACI-9,9725378+ACI-
+ACI-53,5557836+ACI-,+ACI-9,9725372+ACI-
+ACI-53,5557826+ACI-,+ACI-9,9725368+ACI-
+ACI-53,5557816+ACI-,+ACI-9,9725366+ACI-
+ACI-53,555781+ACI-,+ACI-9,9725363+ACI-
+ACI-53,5557809+ACI-,+ACI-9,9725357+ACI-
+ACI-53,555781+ACI-,+ACI-9,972535+ACI-
+ACI-53,555781+ACI-,+ACI-9,9725346+ACI-
+ACI-53,5557811+ACI-,+ACI-9,9725341+ACI-
+ACI-53,5557813+ACI-,+ACI-9,9725337+ACI-
+ACI-53,5557814+ACI-,+ACI-9,9725333+ACI-
+ACI-53,5557811+ACI-,+ACI-9,9725333+ACI-
+ACI-53,5557811+ACI-,+ACI-9,972533+ACI-
+ACI-53,5557804+ACI-,+ACI-9,972533+ACI-
+ACI-53,5557791+ACI-,+ACI-9,9725339+ACI-
+ACI-53,5557742+ACI-,+ACI-9,9725381+ACI-
+ACI-53,5557669+ACI-,+ACI-9,9725521+ACI-
+ACI-53,5557599+ACI-,+ACI-9,9725696+ACI-
+ACI-53,555755+ACI-,+ACI-9,972588+ACI-
+ACI-53,555753+ACI-,+ACI-9,9726062+ACI-
+ACI-53,5557555+ACI-,+ACI-9,9726305+ACI-
+ACI-53,5557594+ACI-,+ACI-9,9726572+ACI-
+ACI-53,5557638+ACI-,+ACI-9,9726841+ACI-
+ACI-53,5557702+ACI-,+ACI-9,9727097+ACI-
+ACI-53,5557751+ACI-,+ACI-9,9727332+ACI-
+ACI-53,5557789+ACI-,+ACI-9,9727597+ACI-
+ACI-53,5557804+ACI-,+ACI-9,9727871+ACI-
+ACI-53,5557795+ACI-,+ACI-9,9728155+ACI-
+ACI-53,5557726+ACI-,+ACI-9,9728486+ACI-
+ACI-53,5557616+ACI-,+ACI-9,972883+ACI-
+ACI-53,5557461+ACI-,+ACI-9,9729121+ACI-
+ACI-53,5557268+ACI-,+ACI-9,9729378+ACI-
+ACI-53,555702+ACI-,+ACI-9,9729689+ACI-
+ACI-53,5556727+ACI-,+ACI-9,9730028+ACI-
+ACI-53,5556457+ACI-,+ACI-9,9730309+ACI-
+ACI-53,5556218+ACI-,+ACI-9,9730541+ACI-
+ACI-53,5555976+ACI-,+ACI-9,9730783+ACI-
+ACI-53,5555721+ACI-,+ACI-9,9731032+ACI-
+ACI-53,5555468+ACI-,+ACI-9,9731257+ACI-
+ACI-53,5555288+ACI-,+ACI-9,9731424+ACI-
+ACI-53,5555074+ACI-,+ACI-9,9731624+ACI-
+ACI-53,5554879+ACI-,+ACI-9,9731797+ACI-
+ACI-53,5554685+ACI-,+ACI-9,9731973+ACI-
+ACI-53,5554485+ACI-,+ACI-9,9732146+ACI-
+ACI-53,5554298+ACI-,+ACI-9,9732312+ACI-
+ACI-53,5554121+ACI-,+ACI-9,9732495+ACI-
+ACI-53,5553942+ACI-,+ACI-9,9732691+ACI-
+ACI-53,5553772+ACI-,+ACI-9,9732884+ACI-
+ACI-53,5553605+ACI-,+ACI-9,9733075+ACI-
+ACI-53,5553456+ACI-,+ACI-9,9733249+ACI-
+ACI-53,555332+ACI-,+ACI-9,9733407+ACI-
+ACI-53,5553206+ACI-,+ACI-9,9733541+ACI-
+ACI-53,5553114+ACI-,+ACI-9,9733636+ACI-
+ACI-53,5553056+ACI-,+ACI-9,9733687+ACI-
+ACI-53,5553015+ACI-,+ACI-9,9733735+ACI-
+ACI-53,5553004+ACI-,+ACI-9,9733753+ACI-
+ACI-53,5553025+ACI-,+ACI-9,9733739+ACI-
+ACI-53,5553051+ACI-,+ACI-9,973371+ACI-
+ACI-53,5553086+ACI-,+ACI-9,9733675+ACI-
+ACI-53,5553104+ACI-,+ACI-9,9733656+ACI-
+ACI-53,5553131+ACI-,+ACI-9,9733627+ACI-
+ACI-53,5553112+ACI-,+ACI-9,9733645+ACI-
+ACI-53,5552953+ACI-,+ACI-9,9733846+ACI-
+ACI-53,5552669+ACI-,+ACI-9,973421+ACI-
+ACI-53,5552377+ACI-,+ACI-9,9734598+ACI-
+ACI-53,5552073+ACI-,+ACI-9,9735025+ACI-
+ACI-53,5551784+ACI-,+ACI-9,9735455+ACI-
+ACI-53,5551533+ACI-,+ACI-9,9735844+ACI-
+ACI-53,5551291+ACI-,+ACI-9,9736217+ACI-
+ACI-53,5551144+ACI-,+ACI-9,9736442+ACI-
+ACI-53,5551092+ACI-,+ACI-9,9736518+ACI-
+ACI-53,5551091+ACI-,+ACI-9,9736509+ACI-
+ACI-53,5551041+ACI-,+ACI-9,973657+ACI-
+ACI-53,5550998+ACI-,+ACI-9,9736623+ACI-
+ACI-53,5550906+ACI-,+ACI-9,9736738+ACI-
+ACI-53,5550757+ACI-,+ACI-9,9736856+ACI-
+ACI-53,5550483+ACI-,+ACI-9,9736809+ACI-
+ACI-53,55501+ACI-,+ACI-9,9736525+ACI-
+ACI-53,5549622+ACI-,+ACI-9,9736102+ACI-
+ACI-53,5548967+ACI-,+ACI-9,9735616+ACI-
+ACI-53,5548141+ACI-,+ACI-9,9734918+ACI-
+ACI-53,554714+ACI-,+ACI-9,9733985+ACI-
+ACI-53,5546022+ACI-,+ACI-9,9732866+ACI-
+ACI-53,5544715+ACI-,+ACI-9,97316185+ACI-
+ACI-53,5543408+ACI-,+ACI-9,9730371+ACI-
+ACI-53,5541709+ACI-,+ACI-9,9728763+ACI-
+ACI-53,5540145+ACI-,+ACI-9,9727301+ACI-
+ACI-53,5538639+ACI-,+ACI-9,9725901+ACI-
+ACI-53,5537072+ACI-,+ACI-9,972451+ACI-
+ACI-53,5535671+ACI-,+ACI-9,9723289+ACI-
+ACI-53,5534274+ACI-,+ACI-9,972205+ACI-
+ACI-53,5532884+ACI-,+ACI-9,9720803+ACI-
+ACI-53,5531512+ACI-,+ACI-9,9719589+ACI-
+ACI-53,5530199+ACI-,+ACI-9,9718441+ACI-
+ACI-53,5528943+ACI-,+ACI-9,9717326+ACI-
+ACI-53,552772+ACI-,+ACI-9,9716222+ACI-
+ACI-53,5526492+ACI-,+ACI-9,9715115+ACI-
+ACI-53,5525292+ACI-,+ACI-9,9714024+ACI-
+ACI-53,5524135+ACI-,+ACI-9,9712991+ACI-
+ACI-53,5522972+ACI-,+ACI-9,9711952+ACI-
+ACI-53,5521787+ACI-,+ACI-9,971088+ACI-
+ACI-53,5520651+ACI-,+ACI-9,9709858+ACI-
+ACI-53,5519594+ACI-,+ACI-9,9708915+ACI-
+ACI-53,5518575+ACI-,+ACI-9,970801+ACI-
+ACI-53,5517607+ACI-,+ACI-9,970716+ACI-
+ACI-53,551669+ACI-,+ACI-9,9706338+ACI-
+ACI-53,5515801+ACI-,+ACI-9,9705541+ACI-
+ACI-53,5514981+ACI-,+ACI-9,9704807+ACI-
+ACI-53,5514307+ACI-,+ACI-9,9704208+ACI-
+ACI-53,5513794+ACI-,+ACI-9,9703769+ACI-
+ACI-53,5513482+ACI-,+ACI-9,9703511+ACI-
+ACI-53,5513431+ACI-,+ACI-9,9703482+ACI-
+ACI-53,5513456+ACI-,+ACI-9,9703511+ACI-
+ACI-53,5513481+ACI-,+ACI-9,9703537+ACI-
+ACI-53,5513577+ACI-,+ACI-9,9703623+ACI-
+ACI-53,5513654+ACI-,+ACI-9,9703671+ACI-
+ACI-53,5513653+ACI-,+ACI-9,9703659+ACI-
+ACI-53,5513614+ACI-,+ACI-9,9703623+ACI-
+ACI-53,55135+ACI-,+ACI-9,9703525+ACI-
+ACI-53,5513217+ACI-,+ACI-9,9703278+ACI-
+ACI-53,5512701+ACI-,+ACI-9,9702821+ACI-
+ACI-53,5511997+ACI-,+ACI-9,9702188+ACI-
+ACI-53,5511169+ACI-,+ACI-9,9701449+ACI-
+ACI-53,5510278+ACI-,+ACI-9,970062+ACI-
+ACI-53,5509415+ACI-,+ACI-9,9699776+ACI-
+ACI-53,5508658+ACI-,+ACI-9,9699007+ACI-
+ACI-53,550798+ACI-,+ACI-9,969833+ACI-
+ACI-53,5507346+ACI-,+ACI-9,9697733+ACI-
+ACI-53,55068+ACI-,+ACI-9,9697215+ACI-
+ACI-53,5506423+ACI-,+ACI-9,9696897+ACI-
+ACI-53,5506151+ACI-,+ACI-9,9696683+ACI-
+ACI-53,5506017+ACI-,+ACI-9,9696562+ACI-
+ACI-53,5505909+ACI-,+ACI-9,9696469+ACI-
+ACI-53,5505803+ACI-,+ACI-9,9696357+ACI-
+ACI-53,5505706+ACI-,+ACI-9,9696279+ACI-
+ACI-53,5505631+ACI-,+ACI-9,9696211+ACI-
+ACI-53,5505602+ACI-,+ACI-9,9696175+ACI-
+ACI-53,5505586+ACI-,+ACI-9,969616+ACI-
+ACI-53,5505602+ACI-,+ACI-9,9696156+ACI-
+ACI-53,5505505+ACI-,+ACI-9,9696081+ACI-
+ACI-53,550543+ACI-,+ACI-9,9696023+ACI-
+ACI-53,550536+ACI-,+ACI-9,9695966+ACI-
+ACI-53,5505343+ACI-,+ACI-9,969603+ACI-
+ACI-53,5505278+ACI-,+ACI-9,9696032+ACI-
+ACI-53,5505108+ACI-,+ACI-9,9695936+ACI-
+ACI-53,5504757+ACI-,+ACI-9,9695688+ACI-
+ACI-53,5504123+ACI-,+ACI-9,9695311+ACI-
+ACI-53,550316+ACI-,+ACI-9,9694752+ACI-
+ACI-53,5502123+ACI-,+ACI-9,9694224+ACI-
+ACI-53,5501187+ACI-,+ACI-9,969391+ACI-
+ACI-53,5500228+ACI-,+ACI-9,9693952+ACI-
+ACI-53,5499092+ACI-,+ACI-9,9694451+ACI-
+ACI-53,5497993+ACI-,+ACI-9,9695226+ACI-
+ACI-53,549686+ACI-,+ACI-9,9696086+ACI-
+ACI-53,549561+ACI-,+ACI-9,9697064+ACI-
+ACI-53,5494321+ACI-,+ACI-9,9698+ACI-
+ACI-53,5493047+ACI-,+ACI-9,9698842+ACI-
+ACI-53,5491938+ACI-,+ACI-9,969965+ACI-
+ACI-53,54909+ACI-,+ACI-9,9700432+ACI-
+ACI-53,5489868+ACI-,+ACI-9,9701197+ACI-
+ACI-53,5488878+ACI-,+ACI-9,9701931+ACI-
+ACI-53,5487991+ACI-,+ACI-9,9702581+ACI-
+ACI-53,5487108+ACI-,+ACI-9,9703241+ACI-
+ACI-53,5486249+ACI-,+ACI-9,9703916+ACI-
+ACI-53,5485405+ACI-,+ACI-9,9704557+ACI-
+ACI-53,5484502+ACI-,+ACI-9,9705238+ACI-
+ACI-53,5483467+ACI-,+ACI-9,9705993+ACI-
+ACI-53,548237+ACI-,+ACI-9,9706831+ACI-
+ACI-53,5481264+ACI-,+ACI-9,970767+ACI-
+ACI-53,5480156+ACI-,+ACI-9,9708501+ACI-
+ACI-53,5479097+ACI-,+ACI-9,9709298+ACI-
+ACI-53,5478075+ACI-,+ACI-9,9710058+ACI-
+ACI-53,5477089+ACI-,+ACI-9,9710677+ACI-
+ACI-53,5476161+ACI-,+ACI-9,9711063+ACI-
+ACI-53,5475266+ACI-,+ACI-9,9711187+ACI-
+ACI-53,5474417+ACI-,+ACI-9,971114+ACI-
+ACI-53,5473593+ACI-,+ACI-9,9710991+ACI-
+ACI-53,5472769+ACI-,+ACI-9,9710713+ACI-
+ACI-53,5471957+ACI-,+ACI-9,9710246+ACI-
+ACI-53,5471104+ACI-,+ACI-9,9709592+ACI-
+ACI-53,54703+ACI-,+ACI-9,9708826+ACI-
+ACI-53,5469664+ACI-,+ACI-9,9707821+ACI-
+ACI-53,5469045+ACI-,+ACI-9,9706743+ACI-
+ACI-53,5468436+ACI-,+ACI-9,9705629+ACI-
+ACI-53,5467814+ACI-,+ACI-9,9704544+ACI-
+ACI-53,5467249+ACI-,+ACI-9,9703583+ACI-
+ACI-53,5466732+ACI-,+ACI-9,9702722+ACI-
+ACI-53,5466238+ACI-,+ACI-9,9701932+ACI-
+ACI-53,546579+ACI-,+ACI-9,9701297+ACI-
+ACI-53,5465366+ACI-,+ACI-9,9700678+ACI-
+ACI-53,5464998+ACI-,+ACI-9,9700119+ACI-
+ACI-53,5464689+ACI-,+ACI-9,9699643+ACI-
+ACI-53,5464494+ACI-,+ACI-9,9699323+ACI-
+ACI-53,5464419+ACI-,+ACI-9,9699159+ACI-
+ACI-53,5464372+ACI-,+ACI-9,9699045+ACI-
+ACI-53,5464378+ACI-,+ACI-9,9699029+ACI-
+ACI-53,5464369+ACI-,+ACI-9,9698971+ACI-
+ACI-53,5464333+ACI-,+ACI-9,969888+ACI-
+ACI-53,5464243+ACI-,+ACI-9,9698711+ACI-
+ACI-53,5464138+ACI-,+ACI-9,9698497+ACI-
+ACI-53,5464048+ACI-,+ACI-9,9698295+ACI-
+ACI-53,5463975+ACI-,+ACI-9,9698118+ACI-
+ACI-53,5463933+ACI-,+ACI-9,9697975+ACI-
+ACI-53,546391+ACI-,+ACI-9,9697869+ACI-
+ACI-53,546388+ACI-,+ACI-9,9697761+ACI-
+ACI-53,5463841+ACI-,+ACI-9,9697647+ACI-
+ACI-53,5463778+ACI-,+ACI-9,9697487+ACI-
+ACI-53,5463695+ACI-,+ACI-9,9697307+ACI-
+ACI-53,5463599+ACI-,+ACI-9,9697121+ACI-
+ACI-53,5463471+ACI-,+ACI-9,9696904+ACI-
+ACI-53,5463315+ACI-,+ACI-9,9696657+ACI-
+ACI-53,5463161+ACI-,+ACI-9,9696432+ACI-
+ACI-53,5463039+ACI-,+ACI-9,9696269+ACI-
+ACI-53,5463022+ACI-,+ACI-9,9696249+ACI-
+ACI-53,546304+ACI-,+ACI-9,9696277+ACI-
+ACI-53,5463054+ACI-,+ACI-9,9696298+ACI-
+ACI-53,5463062+ACI-,+ACI-9,9696311+ACI-
+ACI-53,5463067+ACI-,+ACI-9,9696318+ACI-
+ACI-53,546307+ACI-,+ACI-9,9696322+ACI-
+ACI-53,5463071+ACI-,+ACI-9,9696324+ACI-
+ACI-53,5463072+ACI-,+ACI-9,9696325+ACI-
+ACI-53,5463073+ACI-,+ACI-9,9696326+ACI-
+ACI-53,5463073+ACI-,+ACI-9,9696326+ACI-
+ACI-53,5463073+ACI-,+ACI-9,9696327+ACI-
+ACI-53,5463073+ACI-,+ACI-9,9696327+ACI-
+ACI-53,5463073+ACI-,+ACI-9,9696327+ACI-
+ACI-53,5463073+ACI-,+ACI-9,9696327+ACI-
+ACI-53,5463073+ACI-,+ACI-9,9696327+ACI-
+ACI-53,5463073+ACI-,+ACI-9,9696327+ACI-
+ACI-53,5463073+ACI-,+ACI-9,9696327+ACI-
+ACI-53,5463073+ACI-,+ACI-9,9696327+ACI-
+ACI-53,5463073+ACI-,+ACI-9,9696327+ACI-
+ACI-53,5463073+ACI-,+ACI-9,9696327+ACI-
+ACI-53,5463073+ACI-,+ACI-9,9696327+ACI-
+ACI-53,5463073+ACI-,+ACI-9,9696327+ACI-
+ACI-53,5462995+ACI-,+ACI-9,9696264+ACI-
+ACI-53,546282+ACI-,+ACI-9,9696042+ACI-
+ACI-53,5462571+ACI-,+ACI-9,9695704+ACI-
+ACI-53,5462309+ACI-,+ACI-9,969534+ACI-
+ACI-53,5462081+ACI-,+ACI-9,9695049+ACI-
+ACI-53,5461553+ACI-,+ACI-9,9694451+ACI-
+ACI-53,5461058+ACI-,+ACI-9,9694022+ACI-
+ACI-53,5460408+ACI-,+ACI-9,9693764+ACI-
+ACI-53,5459753+ACI-,+ACI-9,969404+ACI-
+ACI-53,5459177+ACI-,+ACI-9,9694684+ACI-
+ACI-53,5458811+ACI-,+ACI-9,9695671+ACI-
+ACI-53,5458555+ACI-,+ACI-9,9696927+ACI-
+ACI-53,5458321+ACI-,+ACI-9,9698343+ACI-
+ACI-53,5458099+ACI-,+ACI-9,9699863+ACI-
+ACI-53,5457825+ACI-,+ACI-9,9701594+ACI-
+ACI-53,5457476+ACI-,+ACI-9,9703261+ACI-
+ACI-53,5457092+ACI-,+ACI-9,9704786+ACI-
+ACI-53,5456721+ACI-,+ACI-9,9706152+ACI-
+ACI-53,5456376+ACI-,+ACI-9,9707429+ACI-
+ACI-53,545608+ACI-,+ACI-9,9708589+ACI-
+ACI-53,5455788+ACI-,+ACI-9,9709739+ACI-
+ACI-53,5455499+ACI-,+ACI-9,9710884+ACI-
+ACI-53,5455208+ACI-,+ACI-9,9712033+ACI-
+ACI-53,5454923+ACI-,+ACI-9,9713154+ACI-
+ACI-53,5454678+ACI-,+ACI-9,9714189+ACI-
+ACI-53,5454498+ACI-,+ACI-9,9715101+ACI-
+ACI-53,5454383+ACI-,+ACI-9,9715743+ACI-
+ACI-53,5454318+ACI-,+ACI-9,9716164+ACI-
+ACI-53,5454251+ACI-,+ACI-9,9716671+ACI-
+ACI-53,5454166+ACI-,+ACI-9,971736+ACI-
+ACI-53,5454077+ACI-,+ACI-9,9718191+ACI-
+ACI-53,5453997+ACI-,+ACI-9,9719202+ACI-
+ACI-53,545393+ACI-,+ACI-9,9720635+ACI-
+ACI-53,5453876+ACI-,+ACI-9,9722436+ACI-
+ACI-53,5453796+ACI-,+ACI-9,9724286+ACI-
+ACI-53,5453612+ACI-,+ACI-9,9726114+ACI-
+ACI-53,5453302+ACI-,+ACI-9,9728054+ACI-
+ACI-53,5452919+ACI-,+ACI-9,9730027+ACI-
+ACI-53,5452459+ACI-,+ACI-9,9731956+ACI-
+ACI-53,5451916+ACI-,+ACI-9,9733845+ACI-
+ACI-53,5451313+ACI-,+ACI-9,9735688+ACI-
+ACI-53,5450683+ACI-,+ACI-9,9737597+ACI-
+ACI-53,5450042+ACI-,+ACI-9,9739597+ACI-
+ACI-53,5449439+ACI-,+ACI-9,9741497+ACI-
+ACI-53,5448877+ACI-,+ACI-9,974324+ACI-
+ACI-53,544836+ACI-,+ACI-9,9744837+ACI-
+ACI-53,5447844+ACI-,+ACI-9,974644+ACI-
+ACI-53,5447319+ACI-,+ACI-9,9748076+ACI-
+ACI-53,5446834+ACI-,+ACI-9,9749582+ACI-
+ACI-53,5446338+ACI-,+ACI-9,9751139+ACI-
+ACI-53,5445827+ACI-,+ACI-9,9752722+ACI-
+ACI-53,5445306+ACI-,+ACI-9,975432+ACI-
+ACI-53,5444759+ACI-,+ACI-9,975594+ACI-
+ACI-53,5444139+ACI-,+ACI-9,9757485+ACI-
+ACI-53,5443313+ACI-,+ACI-9,9758934+ACI-
+ACI-53,5442433+ACI-,+ACI-9,9760311+ACI-
+ACI-53,5441597+ACI-,+ACI-9,976172+ACI-
+ACI-53,5440891+ACI-,+ACI-9,9763236+ACI-
+ACI-53,5440359+ACI-,+ACI-9,976494+ACI-
+ACI-53,5440067+ACI-,+ACI-9,9766891+ACI-
+ACI-53,5439927+ACI-,+ACI-9,9769138+ACI-
+ACI-53,544009+ACI-,+ACI-9,9771574+ACI-
+ACI-53,5440378+ACI-,+ACI-9,9773869+ACI-
+ACI-53,5440554+ACI-,+ACI-9,9776005+ACI-
+ACI-53,5440643+ACI-,+ACI-9,9778044+ACI-
+ACI-53,5440715+ACI-,+ACI-9,9780009+ACI-
+ACI-53,5440787+ACI-,+ACI-9,9781968+ACI-
+ACI-53,5440845+ACI-,+ACI-9,9783866+ACI-
+ACI-53,5440814+ACI-,+ACI-9,97857+ACI-
+ACI-53,544075+ACI-,+ACI-9,9787572+ACI-
+ACI-53,5440712+ACI-,+ACI-9,978944+ACI-
+ACI-53,5440696+ACI-,+ACI-9,9791252+ACI-
+ACI-53,5440733+ACI-,+ACI-9,9792934+ACI-
+ACI-53,5440825+ACI-,+ACI-9,9794638+ACI-
+ACI-53,5440964+ACI-,+ACI-9,9796403+ACI-
+ACI-53,5441079+ACI-,+ACI-9,9798283+ACI-
+ACI-53,5441133+ACI-,+ACI-9,9800111+ACI-
+ACI-53,5441143+ACI-,+ACI-9,9802024+ACI-
+ACI-53,5441081+ACI-,+ACI-9,9803957+ACI-
+ACI-53,5440962+ACI-,+ACI-9,9805716+ACI-
+ACI-53,5440839+ACI-,+ACI-9,9807054+ACI-
+ACI-53,5440766+ACI-,+ACI-9,9808069+ACI-
+ACI-53,5440722+ACI-,+ACI-9,9808844+ACI-
+ACI-53,5440694+ACI-,+ACI-9,9809457+ACI-
+ACI-53,5440676+ACI-,+ACI-9,9809931+ACI-
+ACI-53,5440661+ACI-,+ACI-9,9810208+ACI-
+ACI-53,5440657+ACI-,+ACI-9,9810246+ACI-
+ACI-53,5440658+ACI-,+ACI-9,9810144+ACI-
+ACI-53,5440659+ACI-,+ACI-9,981007+ACI-
+ACI-53,5440659+ACI-,+ACI-9,9810027+ACI-
+ACI-53,544066+ACI-,+ACI-9,9810001+ACI-
+ACI-53,544066+ACI-,+ACI-9,9809989+ACI-
+ACI-53,5440662+ACI-,+ACI-9,9810198+ACI-
+ACI-53,5440662+ACI-,+ACI-9,981035+ACI-
+ACI-53,5440663+ACI-,+ACI-9,9810408+ACI-
+ACI-53,5440664+ACI-,+ACI-9,9810422+ACI-
+ACI-53,5440664+ACI-,+ACI-9,9810427+ACI-
+ACI-53,5440665+ACI-,+ACI-9,9810431+ACI-
+ACI-53,5440665+ACI-,+ACI-9,9810433+ACI-
+ACI-53,5440666+ACI-,+ACI-9,9810448+ACI-
+ACI-53,5440667+ACI-,+ACI-9,9810517+ACI-
+ACI-53,5440661+ACI-,+ACI-9,9810701+ACI-
+ACI-53,5440655+ACI-,+ACI-9,9811189+ACI-
+ACI-53,5440647+ACI-,+ACI-9,9812054+ACI-
+ACI-53,5440652+ACI-,+ACI-9,9813136+ACI-
+ACI-53,544066+ACI-,+ACI-9,981431+ACI-
+ACI-53,5440676+ACI-,+ACI-9,9815644+ACI-
+ACI-53,54407+ACI-,+ACI-9,9817082+ACI-
+ACI-53,5440735+ACI-,+ACI-9,9818558+ACI-
+ACI-53,54408+ACI-,+ACI-9,982011+ACI-
+ACI-53,5440954+ACI-,+ACI-9,9821693+ACI-
+ACI-53,5441206+ACI-,+ACI-9,982326+ACI-
+ACI-53,5441629+ACI-,+ACI-9,982466+ACI-
+ACI-53,5442132+ACI-,+ACI-9,9826+ACI-
+ACI-53,5442674+ACI-,+ACI-9,9827304+ACI-
+ACI-53,5443188+ACI-,+ACI-9,9828582+ACI-
+ACI-53,5443727+ACI-,+ACI-9,9829858+ACI-
+ACI-53,5444277+ACI-,+ACI-9,9831109+ACI-
+ACI-53,5444781+ACI-,+ACI-9,9832298+ACI-
+ACI-53,5445294+ACI-,+ACI-9,9833597+ACI-
+ACI-53,5445903+ACI-,+ACI-9,9835204+ACI-
+ACI-53,5446568+ACI-,+ACI-9,9836972+ACI-
+ACI-53,5447229+ACI-,+ACI-9,9838735+ACI-
+ACI-53,54478+ACI-,+ACI-9,9840217+ACI-
+ACI-53,5448314+ACI-,+ACI-9,9841476+ACI-
+ACI-53,5448863+ACI-,+ACI-9,9842587+ACI-
+ACI-53,5449566+ACI-,+ACI-9,9843622+ACI-
+ACI-53,5450481+ACI-,+ACI-9,9844706+ACI-
+ACI-53,5451665+ACI-,+ACI-9,9845724+ACI-
+ACI-53,54528+ACI-,+ACI-9,9846471+ACI-
+ACI-53,5453977+ACI-,+ACI-9,9847203+ACI-
+ACI-53,5455155+ACI-,+ACI-9,9847887+ACI-
+ACI-53,5456241+ACI-,+ACI-9,9848529+ACI-
+ACI-53,54573+ACI-,+ACI-9,9849182+ACI-
+ACI-53,5458279+ACI-,+ACI-9,9849874+ACI-
+ACI-53,5459169+ACI-,+ACI-9,985055+ACI-
+ACI-53,5460033+ACI-,+ACI-9,9851202+ACI-
+ACI-53,5460839+ACI-,+ACI-9,9851836+ACI-
+ACI-53,5461616+ACI-,+ACI-9,9852473+ACI-
+ACI-53,5462327+ACI-,+ACI-9,9853043+ACI-
+ACI-53,5463008+ACI-,+ACI-9,9853587+ACI-
+ACI-53,5463637+ACI-,+ACI-9,9854137+ACI-
+ACI-53,5464263+ACI-,+ACI-9,9854679+ACI-
+ACI-53,5464948+ACI-,+ACI-9,9855311+ACI-
+ACI-53,5465671+ACI-,+ACI-9,9856001+ACI-
+ACI-53,5466317+ACI-,+ACI-9,9856648+ACI-
+ACI-53,5466869+ACI-,+ACI-9,9857233+ACI-
+ACI-53,5467335+ACI-,+ACI-9,9857759+ACI-
+ACI-53,5467805+ACI-,+ACI-9,9858247+ACI-
+ACI-53,5468321+ACI-,+ACI-9,985879+ACI-
+ACI-53,546891+ACI-,+ACI-9,9859399+ACI-
+ACI-53,5469372+ACI-,+ACI-9,9859897+ACI-
+ACI-53,5469698+ACI-,+ACI-9,9860338+ACI-
+ACI-53,5469943+ACI-,+ACI-9,9860683+ACI-
+ACI-53,5470061+ACI-,+ACI-9,9860835+ACI-
+ACI-53,5470125+ACI-,+ACI-9,986092+ACI-
+ACI-53,5470122+ACI-,+ACI-9,9860927+ACI-
+ACI-53,5470094+ACI-,+ACI-9,9860907+ACI-
+ACI-53,547007+ACI-,+ACI-9,9860887+ACI-
+ACI-53,5470049+ACI-,+ACI-9,986087+ACI-
+ACI-53,5470041+ACI-,+ACI-9,9860864+ACI-
+ACI-53,5470036+ACI-,+ACI-9,986086+ACI-
+ACI-53,5470033+ACI-,+ACI-9,9860857+ACI-
+ACI-53,5470031+ACI-,+ACI-9,9860855+ACI-
+ACI-53,5470031+ACI-,+ACI-9,9860855+ACI-
+ACI-53,547003+ACI-,+ACI-9,9860855+ACI-
+ACI-53,547003+ACI-,+ACI-9,9860855+ACI-
+ACI-53,547003+ACI-,+ACI-9,9860855+ACI-
+ACI-53,547003+ACI-,+ACI-9,9860855+ACI-
+ACI-53,5470029+ACI-,+ACI-9,9860854+ACI-
+ACI-53,5470029+ACI-,+ACI-9,9860854+ACI-
+ACI-53,5470029+ACI-,+ACI-9,9860854+ACI-
+ACI-53,5470028+ACI-,+ACI-9,9860853+ACI-
+ACI-53,5470028+ACI-,+ACI-9,9860853+ACI-
+ACI-53,5470028+ACI-,+ACI-9,9860853+ACI-
+ACI-53,5470028+ACI-,+ACI-9,9860853+ACI-
+ACI-53,5470186+ACI-,+ACI-9,9861112+ACI-
+ACI-53,5470273+ACI-,+ACI-9,9861255+ACI-
+ACI-53,5470321+ACI-,+ACI-9,9861334+ACI-
+ACI-53,5470354+ACI-,+ACI-9,9861387+ACI-
+ACI-53,5470366+ACI-,+ACI-9,9861408+ACI-
+ACI-53,5470374+ACI-,+ACI-9,9861419+ACI-
+ACI-53,5470378+ACI-,+ACI-9,9861426+ACI-
+ACI-53,5470381+ACI-,+ACI-9,986143+ACI-
+ACI-53,5470381+ACI-,+ACI-9,9861432+ACI-
+ACI-53,5470382+ACI-,+ACI-9,9861432+ACI-
+ACI-53,5470381+ACI-,+ACI-9,9861432+ACI-
+ACI-53,5470381+ACI-,+ACI-9,9861432+ACI-
+ACI-53,5470382+ACI-,+ACI-9,9861433+ACI-
+ACI-53,5470383+ACI-,+ACI-9,9861434+ACI-
+ACI-53,5470383+ACI-,+ACI-9,9861434+ACI-
+ACI-53,5470383+ACI-,+ACI-9,9861434+ACI-
+ACI-53,5470383+ACI-,+ACI-9,9861434+ACI-
+ACI-53,5470382+ACI-,+ACI-9,9861433+ACI-
+ACI-53,5470381+ACI-,+ACI-9,9861432+ACI-
+ACI-53,5470381+ACI-,+ACI-9,9861432+ACI-
+ACI-53,5470381+ACI-,+ACI-9,9861432+ACI-
+ACI-53,5470567+ACI-,+ACI-9,9861577+ACI-
+ACI-53,5470673+ACI-,+ACI-9,9861659+ACI-
+ACI-53,5470748+ACI-,+ACI-9,9861719+ACI-
+ACI-53,5470823+ACI-,+ACI-9,9861799+ACI-
+ACI-53,5470953+ACI-,+ACI-9,9861939+ACI-
+ACI-53,5471192+ACI-,+ACI-9,9862191+ACI-
+ACI-53,5471633+ACI-,+ACI-9,9862666+ACI-
+ACI-53,5472125+ACI-,+ACI-9,9863232+ACI-
+ACI-53,5472605+ACI-,+ACI-9,9863877+ACI-
+ACI-53,5473063+ACI-,+ACI-9,9864487+ACI-
+ACI-53,5473502+ACI-,+ACI-9,9865052+ACI-
+ACI-53,547406+ACI-,+ACI-9,986571+ACI-
+ACI-53,5474806+ACI-,+ACI-9,9866523+ACI-
+ACI-53,5475627+ACI-,+ACI-9,9867337+ACI-
+ACI-53,5476362+ACI-,+ACI-9,9867865+ACI-
+ACI-53,5476998+ACI-,+ACI-9,9868283+ACI-
+ACI-53,5477621+ACI-,+ACI-9,9868835+ACI-
+ACI-53,5478239+ACI-,+ACI-9,9869486+ACI-
+ACI-53,5478759+ACI-,+ACI-9,987003+ACI-
+ACI-53,5479132+ACI-,+ACI-9,9870377+ACI-
+ACI-53,547939+ACI-,+ACI-9,9870637+ACI-
+ACI-53,547954+ACI-,+ACI-9,9870832+ACI-
+ACI-53,5479526+ACI-,+ACI-9,9870894+ACI-
+ACI-53,5479446+ACI-,+ACI-9,9870883+ACI-
+ACI-53,54794+ACI-,+ACI-9,987088+ACI-
+ACI-53,5479359+ACI-,+ACI-9,9870866+ACI-
+ACI-53,5479326+ACI-,+ACI-9,9870854+ACI-
+ACI-53,5479315+ACI-,+ACI-9,9870851+ACI-
+ACI-53,5479303+ACI-,+ACI-9,9870846+ACI-
+ACI-53,5479299+ACI-,+ACI-9,9870845+ACI-
+ACI-53,5479295+ACI-,+ACI-9,9870843+ACI-
+ACI-53,5479294+ACI-,+ACI-9,9870843+ACI-
+ACI-53,5479293+ACI-,+ACI-9,9870843+ACI-
+ACI-53,5479292+ACI-,+ACI-9,9870843+ACI-
+ACI-53,5479289+ACI-,+ACI-9,9870841+ACI-
+ACI-53,5479287+ACI-,+ACI-9,9870839+ACI-
+ACI-53,5479285+ACI-,+ACI-9,9870838+ACI-
+ACI-53,5479285+ACI-,+ACI-9,9870837+ACI-
+ACI-53,5479285+ACI-,+ACI-9,9870838+ACI-
+ACI-53,5479477+ACI-,+ACI-9,9870799+ACI-
+ACI-53,5479793+ACI-,+ACI-9,9870921+ACI-
+ACI-53,5480273+ACI-,+ACI-9,9871221+ACI-
+ACI-53,5480707+ACI-,+ACI-9,9871543+ACI-
+ACI-53,5481116+ACI-,+ACI-9,9871855+ACI-
+ACI-53,5481517+ACI-,+ACI-9,9872183+ACI-
+ACI-53,5481844+ACI-,+ACI-9,9872477+ACI-
+ACI-53,5482023+ACI-,+ACI-9,9872653+ACI-
+ACI-53,5482154+ACI-,+ACI-9,9872786+ACI-
+ACI-53,5482256+ACI-,+ACI-9,9872901+ACI-
+ACI-53,5482324+ACI-,+ACI-9,9872975+ACI-
+ACI-53,5482341+ACI-,+ACI-9,987298+ACI-
+ACI-53,5482345+ACI-,+ACI-9,9872983+ACI-
+ACI-53,5482302+ACI-,+ACI-9,9872966+ACI-
+ACI-53,5482279+ACI-,+ACI-9,9872956+ACI-
+ACI-53,548225+ACI-,+ACI-9,9872939+ACI-
+ACI-53,5482236+ACI-,+ACI-9,987293+ACI-
+ACI-53,5482226+ACI-,+ACI-9,9872924+ACI-
+ACI-53,5482213+ACI-,+ACI-9,9872916+ACI-
+ACI-53,5482212+ACI-,+ACI-9,9872915+ACI-
+ACI-53,5482212+ACI-,+ACI-9,9872915+ACI-
+ACI-53,5482212+ACI-,+ACI-9,9872915+ACI-
+ACI-53,5482212+ACI-,+ACI-9,9872915+ACI-
+ACI-53,5482212+ACI-,+ACI-9,9872915+ACI-
+ACI-53,5482212+ACI-,+ACI-9,9872915+ACI-
+ACI-53,5482213+ACI-,+ACI-9,9872915+ACI-
+ACI-53,5482215+ACI-,+ACI-9,9872917+ACI-
+ACI-53,5482214+ACI-,+ACI-9,9872916+ACI-
+ACI-53,5482214+ACI-,+ACI-9,9872916+ACI-
+ACI-53,5482036+ACI-,+ACI-9,9872755+ACI-
+ACI-53,5481938+ACI-,+ACI-9,9872666+ACI-
+ACI-53,5481932+ACI-,+ACI-9,9872661+ACI-
+ACI-53,5481852+ACI-,+ACI-9,9872588+ACI-
+ACI-53,5481909+ACI-,+ACI-9,9872645+ACI-
+ACI-53,5482149+ACI-,+ACI-9,9872831+ACI-
+ACI-53,548257+ACI-,+ACI-9,9873169+ACI-
+ACI-53,54829+ACI-,+ACI-9,9873441+ACI-
+ACI-53,5483454+ACI-,+ACI-9,9873942+ACI-
+ACI-53,548401+ACI-,+ACI-9,9874487+ACI-
+ACI-53,5484582+ACI-,+ACI-9,9875089+ACI-
+ACI-53,5485225+ACI-,+ACI-9,9875576+ACI-
+ACI-53,5485826+ACI-,+ACI-9,9875854+ACI-
+ACI-53,5486441+ACI-,+ACI-9,9875829+ACI-
+ACI-53,5487182+ACI-,+ACI-9,987538+ACI-
+ACI-53,5487892+ACI-,+ACI-9,9874512+ACI-
+ACI-53,5488563+ACI-,+ACI-9,9873593+ACI-
+ACI-53,5489229+ACI-,+ACI-9,9872573+ACI-
+ACI-53,5489998+ACI-,+ACI-9,9871329+ACI-
+ACI-53,5490853+ACI-,+ACI-9,987007+ACI-
+ACI-53,5491777+ACI-,+ACI-9,9868879+ACI-
+ACI-53,5492716+ACI-,+ACI-9,9867708+ACI-
+ACI-53,5493684+ACI-,+ACI-9,9866565+ACI-
+ACI-53,549465+ACI-,+ACI-9,9865439+ACI-
+ACI-53,5495583+ACI-,+ACI-9,9864391+ACI-
+ACI-53,5496481+ACI-,+ACI-9,9863391+ACI-
+ACI-53,5497394+ACI-,+ACI-9,9862413+ACI-
+ACI-53,5498295+ACI-,+ACI-9,9861713+ACI-
+ACI-53,5499173+ACI-,+ACI-9,9861259+ACI-
+ACI-53,5499939+ACI-,+ACI-9,9861016+ACI-
+ACI-53,5500532+ACI-,+ACI-9,9860874+ACI-
+ACI-53,5500989+ACI-,+ACI-9,9860789+ACI-
+ACI-53,5501467+ACI-,+ACI-9,9860717+ACI-
+ACI-53,5501912+ACI-,+ACI-9,9860662+ACI-
+ACI-53,5502427+ACI-,+ACI-9,9860595+ACI-
+ACI-53,5503121+ACI-,+ACI-9,9860509+ACI-
+ACI-53,5503863+ACI-,+ACI-9,986038+ACI-
+ACI-53,5504614+ACI-,+ACI-9,9860228+ACI-
+ACI-53,550543+ACI-,+ACI-9,9860051+ACI-
+ACI-53,5506334+ACI-,+ACI-9,9859872+ACI-
+ACI-53,5507223+ACI-,+ACI-9,9859718+ACI-
+ACI-53,5507974+ACI-,+ACI-9,9859647+ACI-
+ACI-53,550864+ACI-,+ACI-9,985962+ACI-
+ACI-53,5509275+ACI-,+ACI-9,9859614+ACI-
+ACI-53,5509924+ACI-,+ACI-9,9859614+ACI-
+ACI-53,5510585+ACI-,+ACI-9,9859633+ACI-
+ACI-53,5511208+ACI-,+ACI-9,9859635+ACI-
+ACI-53,5511828+ACI-,+ACI-9,9859634+ACI-
+ACI-53,5512548+ACI-,+ACI-9,9859652+ACI-
+ACI-53,5513246+ACI-,+ACI-9,9859672+ACI-
+ACI-53,5513803+ACI-,+ACI-9,9859729+ACI-
+ACI-53,5514275+ACI-,+ACI-9,9859812+ACI-
+ACI-53,5514718+ACI-,+ACI-9,9859913+ACI-
+ACI-53,5515238+ACI-,+ACI-9,9859973+ACI-
+ACI-53,5515644+ACI-,+ACI-9,9859922+ACI-
+ACI-53,5516015+ACI-,+ACI-9,9859894+ACI-
+ACI-53,5516375+ACI-,+ACI-9,9859844+ACI-
+ACI-53,5516703+ACI-,+ACI-9,9859801+ACI-
+ACI-53,551696+ACI-,+ACI-9,9859746+ACI-
+ACI-53,5517267+ACI-,+ACI-9,9859685+ACI-
+ACI-53,5517631+ACI-,+ACI-9,9859627+ACI-
+ACI-53,5517926+ACI-,+ACI-9,9859579+ACI-
+ACI-53,5518298+ACI-,+ACI-9,9859564+ACI-
+ACI-53,5518582+ACI-,+ACI-9,9859653+ACI-
+ACI-53,5518918+ACI-,+ACI-9,9859864+ACI-
+ACI-53,5519292+ACI-,+ACI-9,9860532+ACI-
+ACI-53,5519458+ACI-,+ACI-9,9861474+ACI-
+ACI-53,5519577+ACI-,+ACI-9,9862247+ACI-
+ACI-53,5519625+ACI-,+ACI-9,9862672+ACI-
+ACI-53,5519681+ACI-,+ACI-9,9863062+ACI-
+ACI-53,551973+ACI-,+ACI-9,9863453+ACI-
+ACI-53,5519767+ACI-,+ACI-9,9863796+ACI-
+ACI-53,5519772+ACI-,+ACI-9,9864099+ACI-
+ACI-53,5519769+ACI-,+ACI-9,9864322+ACI-
+ACI-53,5519741+ACI-,+ACI-9,986433+ACI-
+ACI-53,5519719+ACI-,+ACI-9,9864285+ACI-
+ACI-53,5519706+ACI-,+ACI-9,9864256+ACI-
+ACI-53,5519699+ACI-,+ACI-9,9864241+ACI-
+ACI-53,5519695+ACI-,+ACI-9,9864232+ACI-
+ACI-53,5519692+ACI-,+ACI-9,9864225+ACI-
+ACI-53,5519691+ACI-,+ACI-9,9864222+ACI-
+ACI-53,551969+ACI-,+ACI-9,9864222+ACI-
+ACI-53,551969+ACI-,+ACI-9,9864222+ACI-
+ACI-53,551969+ACI-,+ACI-9,9864221+ACI-
+ACI-53,5519655+ACI-,+ACI-9,9864283+ACI-
+ACI-53,5519639+ACI-,+ACI-9,9864338+ACI-
+ACI-53,5519625+ACI-,+ACI-9,9864345+ACI-
+ACI-53,5529157+ACI-,+ACI-9,9865406+ACI-
+ACI-53,5529047+ACI-,+ACI-9,9864835+ACI-
+ACI-53,5528943+ACI-,+ACI-9,986433+ACI-
+ACI-53,5528866+ACI-,+ACI-9,986395+ACI-
+ACI-53,5528783+ACI-,+ACI-9,9863615+ACI-
+ACI-53,552871+ACI-,+ACI-9,9863223+ACI-
+ACI-53,552864+ACI-,+ACI-9,9862971+ACI-
+ACI-53,5528589+ACI-,+ACI-9,9862899+ACI-
+ACI-53,552857+ACI-,+ACI-9,9862871+ACI-
+ACI-53,5528525+ACI-,+ACI-9,9862938+ACI-
+ACI-53,5528475+ACI-,+ACI-9,9862894+ACI-
+ACI-53,5528427+ACI-,+ACI-9,986279+ACI-
+ACI-53,5528408+ACI-,+ACI-9,9862793+ACI-
+ACI-53,5528385+ACI-,+ACI-9,9862799+ACI-
+ACI-53,5528321+ACI-,+ACI-9,9862684+ACI-
+ACI-53,5528277+ACI-,+ACI-9,986259+ACI-
+ACI-53,5528254+ACI-,+ACI-9,9862554+ACI-
+ACI-53,5528305+ACI-,+ACI-9,9862521+ACI-
+ACI-53,5528378+ACI-,+ACI-9,9862481+ACI-
+ACI-53,5528435+ACI-,+ACI-9,986248+ACI-
+ACI-53,552844+ACI-,+ACI-9,9862479+ACI-
+ACI-53,5528447+ACI-,+ACI-9,9862488+ACI-
+ACI-53,5528515+ACI-,+ACI-9,9862516+ACI-
+ACI-53,5528553+ACI-,+ACI-9,9862532+ACI-
+ACI-53,5528486+ACI-,+ACI-9,9862578+ACI-
+ACI-53,5528427+ACI-,+ACI-9,9862717+ACI-
+ACI-53,5528423+ACI-,+ACI-9,9862801+ACI-
+ACI-53,5528406+ACI-,+ACI-9,986277+ACI-
+ACI-53,5528372+ACI-,+ACI-9,986257+ACI-
+ACI-53,5528297+ACI-,+ACI-9,9862348+ACI-
+ACI-53,5528181+ACI-,+ACI-9,9861941+ACI-
+ACI-53,5528046+ACI-,+ACI-9,9861418+ACI-
+ACI-53,5527952+ACI-,+ACI-9,9860931+ACI-
+ACI-53,552784+ACI-,+ACI-9,9860299+ACI-
+ACI-53,552774+ACI-,+ACI-9,9859854+ACI-
+ACI-53,5527658+ACI-,+ACI-9,9859482+ACI-
+ACI-53,5527602+ACI-,+ACI-9,9859127+ACI-
+ACI-53,552757+ACI-,+ACI-9,9858769+ACI-
+ACI-53,5527498+ACI-,+ACI-9,9858299+ACI-
+ACI-53,5527402+ACI-,+ACI-9,985779+ACI-
+ACI-53,5527323+ACI-,+ACI-9,9857315+ACI-
+ACI-53,5527263+ACI-,+ACI-9,9856931+ACI-
+ACI-53,5527214+ACI-,+ACI-9,985659+ACI-
+ACI-53,5527176+ACI-,+ACI-9,9856322+ACI-
+ACI-53,5527159+ACI-,+ACI-9,9856179+ACI-
+ACI-53,5527165+ACI-,+ACI-9,9856083+ACI-
+ACI-53,5527171+ACI-,+ACI-9,9856024+ACI-
+ACI-53,552717+ACI-,+ACI-9,9856035+ACI-
+ACI-53,5527088+ACI-,+ACI-9,9856072+ACI-
+ACI-53,5527031+ACI-,+ACI-9,9855948+ACI-
+ACI-53,5527019+ACI-,+ACI-9,9855832+ACI-
+ACI-53,5527232+ACI-,+ACI-9,9855636+ACI-
+ACI-53,5527615+ACI-,+ACI-9,9855425+ACI-
+ACI-53,5528176+ACI-,+ACI-9,985519+ACI-
+ACI-53,5528941+ACI-,+ACI-9,9854931+ACI-
+ACI-53,5529746+ACI-,+ACI-9,9854662+ACI-
+ACI-53,5530625+ACI-,+ACI-9,9854407+ACI-
+ACI-53,553148+ACI-,+ACI-9,9854185+ACI-
+ACI-53,5532288+ACI-,+ACI-9,9853986+ACI-
+ACI-53,5532986+ACI-,+ACI-9,9853824+ACI-
+ACI-53,553358+ACI-,+ACI-9,9853677+ACI-
+ACI-53,5534159+ACI-,+ACI-9,9853516+ACI-
+ACI-53,5534788+ACI-,+ACI-9,9853316+ACI-
+ACI-53,5535428+ACI-,+ACI-9,9853089+ACI-
+ACI-53,5535944+ACI-,+ACI-9,9852926+ACI-
+ACI-53,5536479+ACI-,+ACI-9,9852732+ACI-
+ACI-53,5537062+ACI-,+ACI-9,9852531+ACI-
+ACI-53,5537576+ACI-,+ACI-9,9852371+ACI-
+ACI-53,5538134+ACI-,+ACI-9,9852089+ACI-
+ACI-53,5538805+ACI-,+ACI-9,9851728+ACI-
+ACI-53,5539394+ACI-,+ACI-9,9851308+ACI-
+ACI-53,5539946+ACI-,+ACI-9,9850868+ACI-
+ACI-53,5540586+ACI-,+ACI-9,9850432+ACI-
+ACI-53,5541361+ACI-,+ACI-9,9849926+ACI-
+ACI-53,5542313+ACI-,+ACI-9,9849303+ACI-
+ACI-53,5543306+ACI-,+ACI-9,9848578+ACI-
+ACI-53,5544315+ACI-,+ACI-9,9847866+ACI-
+ACI-53,5545241+ACI-,+ACI-9,9847276+ACI-
+ACI-53,5546383+ACI-,+ACI-9,9846599+ACI-
+ACI-53,5547384+ACI-,+ACI-9,9846029+ACI-
+ACI-53,5548322+ACI-,+ACI-9,9845595+ACI-
+ACI-53,5549221+ACI-,+ACI-9,9845336+ACI-
+ACI-53,555012+ACI-,+ACI-9,984515+ACI-
+ACI-53,5551007+ACI-,+ACI-9,9845027+ACI-
+ACI-53,5551897+ACI-,+ACI-9,9844974+ACI-
+ACI-53,5552845+ACI-,+ACI-9,9845053+ACI-
+ACI-53,5553903+ACI-,+ACI-9,984529+ACI-
+ACI-53,5555037+ACI-,+ACI-9,9845552+ACI-
+ACI-53,5556234+ACI-,+ACI-9,9845656+ACI-
+ACI-53,5557313+ACI-,+ACI-9,9845557+ACI-
+ACI-53,5558166+ACI-,+ACI-9,984545+ACI-
+ACI-53,5558893+ACI-,+ACI-9,9845361+ACI-
+ACI-53,555939+ACI-,+ACI-9,9845344+ACI-
+ACI-53,5559816+ACI-,+ACI-9,9845349+ACI-
+ACI-53,5560309+ACI-,+ACI-9,9845392+ACI-
+ACI-53,5560908+ACI-,+ACI-9,9845397+ACI-
+ACI-53,5561607+ACI-,+ACI-9,9845429+ACI-
+ACI-53,5562373+ACI-,+ACI-9,9845549+ACI-
+ACI-53,5563112+ACI-,+ACI-9,9845688+ACI-
+ACI-53,5563756+ACI-,+ACI-9,9845762+ACI-
+ACI-53,5564286+ACI-,+ACI-9,9845762+ACI-
+ACI-53,5564924+ACI-,+ACI-9,9845744+ACI-
+ACI-53,5565691+ACI-,+ACI-9,9845727+ACI-
+ACI-53,5566382+ACI-,+ACI-9,9845557+ACI-
+ACI-53,5566946+ACI-,+ACI-9,9845389+ACI-
+ACI-53,556756+ACI-,+ACI-9,9845283+ACI-
+ACI-53,556817+ACI-,+ACI-9,9845206+ACI-
+ACI-53,5568778+ACI-,+ACI-9,9845133+ACI-
+ACI-53,5569243+ACI-,+ACI-9,984503+ACI-
+ACI-53,5569523+ACI-,+ACI-9,9844911+ACI-
+ACI-53,5569702+ACI-,+ACI-9,9844809+ACI-
+ACI-53,556975+ACI-,+ACI-9,9844725+ACI-
+ACI-53,5569828+ACI-,+ACI-9,9844655+ACI-
+ACI-53,5569987+ACI-,+ACI-9,9844606+ACI-
+ACI-53,5570265+ACI-,+ACI-9,9844548+ACI-
+ACI-53,5570751+ACI-,+ACI-9,9844482+ACI-
+ACI-53,5571193+ACI-,+ACI-9,9844333+ACI-
+ACI-53,5571505+ACI-,+ACI-9,9844025+ACI-
+ACI-53,5571725+ACI-,+ACI-9,9843781+ACI-
+ACI-53,5571839+ACI-,+ACI-9,9843637+ACI-
+ACI-53,5571955+ACI-,+ACI-9,9843525+ACI-
+ACI-53,5572029+ACI-,+ACI-9,9843445+ACI-
+ACI-53,557212+ACI-,+ACI-9,9843378+ACI-
+ACI-53,5572354+ACI-,+ACI-9,9843202+ACI-
+ACI-53,5572825+ACI-,+ACI-9,9842857+ACI-
+ACI-53,55734+ACI-,+ACI-9,9842429+ACI-
+ACI-53,5573884+ACI-,+ACI-9,9842047+ACI-
+ACI-53,5574357+ACI-,+ACI-9,9841665+ACI-
+ACI-53,5574886+ACI-,+ACI-9,984123+ACI-
+ACI-53,5575398+ACI-,+ACI-9,9840796+ACI-
+ACI-53,5575848+ACI-,+ACI-9,9840354+ACI-
+ACI-53,5576243+ACI-,+ACI-9,9840178+ACI-
+ACI-53,5576675+ACI-,+ACI-9,9840239+ACI-
+ACI-53,5577214+ACI-,+ACI-9,9840813+ACI-
+ACI-53,5577799+ACI-,+ACI-9,9842095+ACI-
+ACI-53,5578373+ACI-,+ACI-9,9843865+ACI-
+ACI-53,557878+ACI-,+ACI-9,9845921+ACI-
+ACI-53,5579162+ACI-,+ACI-9,9847879+ACI-
+ACI-53,5579518+ACI-,+ACI-9,9849646+ACI-
+ACI-53,5579839+ACI-,+ACI-9,9851337+ACI-
+ACI-53,5579997+ACI-,+ACI-9,9853041+ACI-
+ACI-53,5580106+ACI-,+ACI-9,9854808+ACI-
+ACI-53,55802+ACI-,+ACI-9,9856574+ACI-
+ACI-53,5580299+ACI-,+ACI-9,9858327+ACI-
+ACI-53,5580403+ACI-,+ACI-9,9860082+ACI-
+ACI-53,5580525+ACI-,+ACI-9,9861923+ACI-
+ACI-53,5580656+ACI-,+ACI-9,9863782+ACI-
+ACI-53,558077+ACI-,+ACI-9,9865404+ACI-
+ACI-53,5580889+ACI-,+ACI-9,9867063+ACI-
+ACI-53,5581009+ACI-,+ACI-9,986873+ACI-
+ACI-53,5581134+ACI-,+ACI-9,9870456+ACI-
+ACI-53,5581264+ACI-,+ACI-9,9872112+ACI-
+ACI-53,5581401+ACI-,+ACI-9,9873786+ACI-
+ACI-53,5581536+ACI-,+ACI-9,9875527+ACI-
+ACI-53,5581666+ACI-,+ACI-9,9877212+ACI-
+ACI-53,5581791+ACI-,+ACI-9,9878807+ACI-
+ACI-53,5581871+ACI-,+ACI-9,9880138+ACI-
+ACI-53,5581943+ACI-,+ACI-9,9881375+ACI-
+ACI-53,5581984+ACI-,+ACI-9,9882354+ACI-
+ACI-53,5581986+ACI-,+ACI-9,9882906+ACI-
+ACI-53,5581981+ACI-,+ACI-9,9883163+ACI-
+ACI-53,5581973+ACI-,+ACI-9,9883227+ACI-
+ACI-53,5581959+ACI-,+ACI-9,9883104+ACI-
+ACI-53,5581951+ACI-,+ACI-9,9883027+ACI-
+ACI-53,5581946+ACI-,+ACI-9,988298+ACI-
+ACI-53,5581944+ACI-,+ACI-9,9882959+ACI-
+ACI-53,5581943+ACI-,+ACI-9,9882949+ACI-
+ACI-53,5581942+ACI-,+ACI-9,9882937+ACI-
+ACI-53,5581941+ACI-,+ACI-9,9882928+ACI-
+ACI-53,5581805+ACI-,+ACI-9,9883212+ACI-
+ACI-53,558173+ACI-,+ACI-9,988337+ACI-
+ACI-53,5581687+ACI-,+ACI-9,9883458+ACI-
+ACI-53,5581664+ACI-,+ACI-9,9883507+ACI-
+ACI-53,5581651+ACI-,+ACI-9,9883534+ACI-
+ACI-53,5581644+ACI-,+ACI-9,9883548+ACI-
+ACI-53,558164+ACI-,+ACI-9,9883561+ACI-
+ACI-53,5581638+ACI-,+ACI-9,9883566+ACI-
+ACI-53,5581637+ACI-,+ACI-9,9883567+ACI-
+ACI-53,5581636+ACI-,+ACI-9,988357+ACI-
+ACI-53,5581636+ACI-,+ACI-9,9883569+ACI-
+ACI-53,5581635+ACI-,+ACI-9,9883567+ACI-
+ACI-53,5581635+ACI-,+ACI-9,9883567+ACI-
+ACI-53,5581635+ACI-,+ACI-9,9883566+ACI-
+ACI-53,5581635+ACI-,+ACI-9,9883566+ACI-
+ACI-53,5581635+ACI-,+ACI-9,9883566+ACI-
+ACI-53,5581435+ACI-,+ACI-9,9883693+ACI-
+ACI-53,5581323+ACI-,+ACI-9,9883763+ACI-
+ACI-53,5581261+ACI-,+ACI-9,9883802+ACI-
+ACI-53,5581227+ACI-,+ACI-9,9883823+ACI-
+ACI-53,5581208+ACI-,+ACI-9,9883836+ACI-
+ACI-53,5581197+ACI-,+ACI-9,9883843+ACI-
+ACI-53,558119+ACI-,+ACI-9,9883848+ACI-
+ACI-53,5581184+ACI-,+ACI-9,9883847+ACI-
+ACI-53,5581143+ACI-,+ACI-9,9883965+ACI-
+ACI-53,558112+ACI-,+ACI-9,9884092+ACI-
+ACI-53,5581124+ACI-,+ACI-9,9884342+ACI-
+ACI-53,5581142+ACI-,+ACI-9,9884826+ACI-
+ACI-53,5581132+ACI-,+ACI-9,9885979+ACI-
+ACI-53,5581112+ACI-,+ACI-9,9887092+ACI-
+ACI-53,5581034+ACI-,+ACI-9,9888321+ACI-
+ACI-53,5580894+ACI-,+ACI-9,9889679+ACI-
+ACI-53,5580719+ACI-,+ACI-9,989107+ACI-
+ACI-53,5580534+ACI-,+ACI-9,9892465+ACI-
+ACI-53,5580345+ACI-,+ACI-9,9893829+ACI-
+ACI-53,5580152+ACI-,+ACI-9,9895215+ACI-
+ACI-53,5579939+ACI-,+ACI-9,9896775+ACI-
+ACI-53,5579726+ACI-,+ACI-9,989844+ACI-
+ACI-53,557952+ACI-,+ACI-9,9900111+ACI-
+ACI-53,5579331+ACI-,+ACI-9,9901892+ACI-
+ACI-53,5579149+ACI-,+ACI-9,9903585+ACI-
+ACI-53,5578947+ACI-,+ACI-9,9905126+ACI-
+ACI-53,5578723+ACI-,+ACI-9,9906632+ACI-
+ACI-53,5578503+ACI-,+ACI-9,9908024+ACI-
+ACI-53,5578294+ACI-,+ACI-9,990945+ACI-
+ACI-53,5578086+ACI-,+ACI-9,9910806+ACI-
+ACI-53,5577895+ACI-,+ACI-9,9912002+ACI-
+ACI-53,557769+ACI-,+ACI-9,9913333+ACI-
+ACI-53,5577484+ACI-,+ACI-9,9914679+ACI-
+ACI-53,5577276+ACI-,+ACI-9,9916202+ACI-
+ACI-53,5577058+ACI-,+ACI-9,9917762+ACI-
+ACI-53,5576835+ACI-,+ACI-9,9919269+ACI-
+ACI-53,557662+ACI-,+ACI-9,992071+ACI-
+ACI-53,5576395+ACI-,+ACI-9,9922219+ACI-
+ACI-53,5576179+ACI-,+ACI-9,992359+ACI-
+ACI-53,5576007+ACI-,+ACI-9,9924637+ACI-
+ACI-53,5575859+ACI-,+ACI-9,992553+ACI-
+ACI-53,5575704+ACI-,+ACI-9,9926412+ACI-
+ACI-53,5575591+ACI-,+ACI-9,9927+ACI-
+ACI-53,5575525+ACI-,+ACI-9,992732+ACI-
+ACI-53,5575494+ACI-,+ACI-9,9927446+ACI-
+ACI-53,5575482+ACI-,+ACI-9,9927327+ACI-
+ACI-53,5575482+ACI-,+ACI-9,9927327+ACI-
+ACI-53,5575384+ACI-,+ACI-9,9926869+ACI-
+ACI-53,5575336+ACI-,+ACI-9,9926642+ACI-
+ACI-53,5575319+ACI-,+ACI-9,9926562+ACI-
+ACI-53,557531+ACI-,+ACI-9,9926518+ACI-
+ACI-53,5575304+ACI-,+ACI-9,9926493+ACI-
+ACI-53,5575301+ACI-,+ACI-9,992648+ACI-
+ACI-53,55753+ACI-,+ACI-9,9926471+ACI-
+ACI-53,5575299+ACI-,+ACI-9,9926469+ACI-
+ACI-53,5575298+ACI-,+ACI-9,9926467+ACI-
+ACI-53,5575298+ACI-,+ACI-9,9926465+ACI-
+ACI-53,5575298+ACI-,+ACI-9,9926465+ACI-
+ACI-53,5575298+ACI-,+ACI-9,9926464+ACI-
+ACI-53,5575298+ACI-,+ACI-9,9926464+ACI-
+ACI-53,5575298+ACI-,+ACI-9,9926464+ACI-
+ACI-53,5575298+ACI-,+ACI-9,9926464+ACI-
+ACI-53,5575298+ACI-,+ACI-9,9926464+ACI-
+ACI-53,5575298+ACI-,+ACI-9,9926465+ACI-
+ACI-53,5575297+ACI-,+ACI-9,9926467+ACI-
+ACI-53,5575297+ACI-,+ACI-9,9926467+ACI-
+ACI-53,5575297+ACI-,+ACI-9,9926466+ACI-
+ACI-53,5575297+ACI-,+ACI-9,9926465+ACI-
+ACI-53,5575298+ACI-,+ACI-9,9926464+ACI-
+ACI-53,5575298+ACI-,+ACI-9,9926464+ACI-
+ACI-53,5575298+ACI-,+ACI-9,9926464+ACI-
+ACI-53,5575298+ACI-,+ACI-9,9926464+ACI-
+ACI-53,5575298+ACI-,+ACI-9,9926464+ACI-
+ACI-53,5575298+ACI-,+ACI-9,9926464+ACI-
+ACI-53,5575298+ACI-,+ACI-9,9926463+ACI-
+ACI-53,5575298+ACI-,+ACI-9,9926463+ACI-
+ACI-53,5575298+ACI-,+ACI-9,9926462+ACI-
+ACI-53,5575298+ACI-,+ACI-9,9926462+ACI-
+ACI-53,5575298+ACI-,+ACI-9,9926462+ACI-
+ACI-53,5575298+ACI-,+ACI-9,9926463+ACI-
+ACI-53,5575297+ACI-,+ACI-9,9926469+ACI-
+ACI-53,5575239+ACI-,+ACI-9,9926723+ACI-
+ACI-53,557516+ACI-,+ACI-9,9927172+ACI-
+ACI-53,5575018+ACI-,+ACI-9,9928162+ACI-
+ACI-53,557486+ACI-,+ACI-9,9929566+ACI-
+ACI-53,5574732+ACI-,+ACI-9,9931177+ACI-
+ACI-53,5574755+ACI-,+ACI-9,9933006+ACI-
+ACI-53,5575107+ACI-,+ACI-9,9934914+ACI-
+ACI-53,5575609+ACI-,+ACI-9,9936692+ACI-
+ACI-53,5576174+ACI-,+ACI-9,9938227+ACI-
+ACI-53,5576729+ACI-,+ACI-9,993929+ACI-
+ACI-53,557723+ACI-,+ACI-9,9939836+ACI-
+ACI-53,5577687+ACI-,+ACI-9,9940227+ACI-
+ACI-53,5578244+ACI-,+ACI-9,9940443+ACI-
+ACI-53,557901+ACI-,+ACI-9,9940681+ACI-
+ACI-53,557998+ACI-,+ACI-9,9941031+ACI-
+ACI-53,5580869+ACI-,+ACI-9,9941432+ACI-
+ACI-53,5581664+ACI-,+ACI-9,9941882+ACI-
+ACI-53,5582448+ACI-,+ACI-9,9942357+ACI-
+ACI-53,5583152+ACI-,+ACI-9,9942789+ACI-
+ACI-53,5583766+ACI-,+ACI-9,9943082+ACI-
+ACI-53,5584403+ACI-,+ACI-9,9943116+ACI-
+ACI-53,5585176+ACI-,+ACI-9,9942892+ACI-
+ACI-53,5585956+ACI-,+ACI-9,9942516+ACI-
+ACI-53,5586684+ACI-,+ACI-9,9941973+ACI-
+ACI-53,5587267+ACI-,+ACI-9,9941306+ACI-
+ACI-53,5587702+ACI-,+ACI-9,9940649+ACI-
+ACI-53,5588037+ACI-,+ACI-9,9940086+ACI-
+ACI-53,5588193+ACI-,+ACI-9,9939725+ACI-
+ACI-53,5588304+ACI-,+ACI-9,9939359+ACI-
+ACI-53,5588349+ACI-,+ACI-9,9939135+ACI-
+ACI-53,5588372+ACI-,+ACI-9,9938999+ACI-
+ACI-53,5588401+ACI-,+ACI-9,9938873+ACI-
+ACI-53,5588456+ACI-,+ACI-9,9938683+ACI-
+ACI-53,5588533+ACI-,+ACI-9,9938354+ACI-
+ACI-53,5588668+ACI-,+ACI-9,9937865+ACI-
+ACI-53,5588789+ACI-,+ACI-9,9937223+ACI-
+ACI-53,558889+ACI-,+ACI-9,9936697+ACI-
+ACI-53,558898+ACI-,+ACI-9,9936141+ACI-
+ACI-53,5589081+ACI-,+ACI-9,9935332+ACI-
+ACI-53,5589136+ACI-,+ACI-9,9934473+ACI-
+ACI-53,5589171+ACI-,+ACI-9,9933684+ACI-
+ACI-53,5589214+ACI-,+ACI-9,9933069+ACI-
+ACI-53,5589264+ACI-,+ACI-9,9932664+ACI-
+ACI-53,5589318+ACI-,+ACI-9,9932339+ACI-
+ACI-53,5589382+ACI-,+ACI-9,9931982+ACI-
+ACI-53,5589446+ACI-,+ACI-9,9931654+ACI-
+ACI-53,5589497+ACI-,+ACI-9,9931427+ACI-
+ACI-53,5589527+ACI-,+ACI-9,9931249+ACI-
+ACI-53,5589585+ACI-,+ACI-9,9930906+ACI-
+ACI-53,5589719+ACI-,+ACI-9,9930169+ACI-
+ACI-53,5589971+ACI-,+ACI-9,9929093+ACI-
+ACI-53,5590316+ACI-,+ACI-9,9928008+ACI-
+ACI-53,5590706+ACI-,+ACI-9,9927109+ACI-
+ACI-53,5591088+ACI-,+ACI-9,9926333+ACI-
+ACI-53,5591391+ACI-,+ACI-9,9925643+ACI-
+ACI-53,5591697+ACI-,+ACI-9,9924918+ACI-
+ACI-53,5592055+ACI-,+ACI-9,9924088+ACI-
+ACI-53,5592469+ACI-,+ACI-9,9923196+ACI-
+ACI-53,5592932+ACI-,+ACI-9,9922259+ACI-
+ACI-53,5593478+ACI-,+ACI-9,9921266+ACI-
+ACI-53,5594098+ACI-,+ACI-9,9920227+ACI-
+ACI-53,5594727+ACI-,+ACI-9,9919248+ACI-
+ACI-53,5595401+ACI-,+ACI-9,9918267+ACI-
+ACI-53,5596112+ACI-,+ACI-9,9917367+ACI-
+ACI-53,5596828+ACI-,+ACI-9,9916536+ACI-
+ACI-53,5597474+ACI-,+ACI-9,9915834+ACI-
+ACI-53,5598054+ACI-,+ACI-9,9915254+ACI-
+ACI-53,5598568+ACI-,+ACI-9,9914734+ACI-
+ACI-53,5598965+ACI-,+ACI-9,9914265+ACI-
+ACI-53,5599239+ACI-,+ACI-9,9913857+ACI-
+ACI-53,5599478+ACI-,+ACI-9,9913538+ACI-
+ACI-53,5599688+ACI-,+ACI-9,9913295+ACI-
+ACI-53,5599868+ACI-,+ACI-9,9913114+ACI-
+ACI-53,560006+ACI-,+ACI-9,9912931+ACI-
+ACI-53,5600242+ACI-,+ACI-9,9912771+ACI-
+ACI-53,56004+ACI-,+ACI-9,9912623+ACI-
+ACI-53,5600547+ACI-,+ACI-9,9912498+ACI-
+ACI-53,5600673+ACI-,+ACI-9,99124+ACI-
+ACI-53,5600728+ACI-,+ACI-9,991235+ACI-
+ACI-53,5600732+ACI-,+ACI-9,9912345+ACI-
+ACI-53,5600725+ACI-,+ACI-9,991235+ACI-
+ACI-53,560072+ACI-,+ACI-9,9912354+ACI-
+ACI-53,5600717+ACI-,+ACI-9,9912356+ACI-
+ACI-53,5600715+ACI-,+ACI-9,9912357+ACI-
+ACI-53,5600714+ACI-,+ACI-9,9912358+ACI-
+ACI-53,5600715+ACI-,+ACI-9,9912357+ACI-
+ACI-53,5600715+ACI-,+ACI-9,9912357+ACI-
+ACI-53,5600715+ACI-,+ACI-9,9912358+ACI-
+ACI-53,5600714+ACI-,+ACI-9,9912358+ACI-
+ACI-53,5600714+ACI-,+ACI-9,9912358+ACI-
+ACI-53,5600714+ACI-,+ACI-9,9912358+ACI-
+ACI-53,5600714+ACI-,+ACI-9,9912358+ACI-
+ACI-53,5600714+ACI-,+ACI-9,9912359+ACI-
+ACI-53,5600714+ACI-,+ACI-9,9912358+ACI-
+ACI-53,5600714+ACI-,+ACI-9,9912359+ACI-
+ACI-53,5600713+ACI-,+ACI-9,9912359+ACI-
+ACI-53,5600713+ACI-,+ACI-9,9912359+ACI-
+ACI-53,5600713+ACI-,+ACI-9,9912359+ACI-
+ACI-53,5600714+ACI-,+ACI-9,9912359+ACI-
+ACI-53,5600714+ACI-,+ACI-9,9912359+ACI-
+ACI-53,5600714+ACI-,+ACI-9,9912359+ACI-
+ACI-53,5600713+ACI-,+ACI-9,9912359+ACI-
+ACI-53,5600713+ACI-,+ACI-9,9912359+ACI-
+ACI-53,5600713+ACI-,+ACI-9,9912359+ACI-
+ACI-53,5600713+ACI-,+ACI-9,9912359+ACI-
+ACI-53,5600713+ACI-,+ACI-9,9912359+ACI-
+ACI-53,5600713+ACI-,+ACI-9,9912359+ACI-
+ACI-53,5600713+ACI-,+ACI-9,9912359+ACI-
+ACI-53,5600713+ACI-,+ACI-9,9912359+ACI-
+ACI-53,5600715+ACI-,+ACI-9,9912357+ACI-
+ACI-53,5600717+ACI-,+ACI-9,9912356+ACI-
+ACI-53,560072+ACI-,+ACI-9,9912353+ACI-
+ACI-53,5600808+ACI-,+ACI-9,9912205+ACI-
+ACI-53,5600953+ACI-,+ACI-9,9912054+ACI-
+ACI-53,5601204+ACI-,+ACI-9,9911839+ACI-
+ACI-53,5601583+ACI-,+ACI-9,991155+ACI-
+ACI-53,560215+ACI-,+ACI-9,991114+ACI-
+ACI-53,5602852+ACI-,+ACI-9,9910725+ACI-
+ACI-53,5603711+ACI-,+ACI-9,9910377+ACI-
+ACI-53,5604633+ACI-,+ACI-9,9909972+ACI-
+ACI-53,5605459+ACI-,+ACI-9,9909584+ACI-
+ACI-53,5606165+ACI-,+ACI-9,990928+ACI-
+ACI-53,5606965+ACI-,+ACI-9,9908966+ACI-
+ACI-53,560776+ACI-,+ACI-9,9908607+ACI-
+ACI-53,5608521+ACI-,+ACI-9,9908109+ACI-
+ACI-53,560923+ACI-,+ACI-9,990753+ACI-
+ACI-53,5609891+ACI-,+ACI-9,9906928+ACI-
+ACI-53,5610489+ACI-,+ACI-9,9906295+ACI-
+ACI-53,5611131+ACI-,+ACI-9,9905567+ACI-
+ACI-53,5611833+ACI-,+ACI-9,9904701+ACI-
+ACI-53,5612531+ACI-,+ACI-9,990376+ACI-
+ACI-53,5613242+ACI-,+ACI-9,9902705+ACI-
+ACI-53,561402+ACI-,+ACI-9,9901406+ACI-
+ACI-53,5614754+ACI-,+ACI-9,9900097+ACI-
+ACI-53,5615495+ACI-,+ACI-9,9898752+ACI-
+ACI-53,5616252+ACI-,+ACI-9,9897345+ACI-
+ACI-53,5617006+ACI-,+ACI-9,9895897+ACI-
+ACI-53,5617808+ACI-,+ACI-9,9894364+ACI-
+ACI-53,5618588+ACI-,+ACI-9,9892867+ACI-
+ACI-53,5619323+ACI-,+ACI-9,9891472+ACI-
+ACI-53,5620057+ACI-,+ACI-9,989009+ACI-
+ACI-53,5620813+ACI-,+ACI-9,9888639+ACI-
+ACI-53,5621557+ACI-,+ACI-9,9887199+ACI-
+ACI-53,5622304+ACI-,+ACI-9,9885711+ACI-
+ACI-53,5623031+ACI-,+ACI-9,9884288+ACI-
+ACI-53,5623719+ACI-,+ACI-9,9882965+ACI-
+ACI-53,5624366+ACI-,+ACI-9,9881725+ACI-
+ACI-53,562495+ACI-,+ACI-9,9880546+ACI-
+ACI-53,562546+ACI-,+ACI-9,9879519+ACI-
+ACI-53,5625913+ACI-,+ACI-9,9878596+ACI-
+ACI-53,5626315+ACI-,+ACI-9,9877767+ACI-
+ACI-53,5626708+ACI-,+ACI-9,9876857+ACI-
+ACI-53,5627135+ACI-,+ACI-9,9875804+ACI-
+ACI-53,5627577+ACI-,+ACI-9,9874721+ACI-
+ACI-53,5628073+ACI-,+ACI-9,9873601+ACI-
+ACI-53,5628664+ACI-,+ACI-9,9872407+ACI-
+ACI-53,5629327+ACI-,+ACI-9,9871114+ACI-
+ACI-53,5630029+ACI-,+ACI-9,9869776+ACI-
+ACI-53,5630767+ACI-,+ACI-9,9868368+ACI-
+ACI-53,5631505+ACI-,+ACI-9,9866962+ACI-
+ACI-53,563227+ACI-,+ACI-9,9865558+ACI-
+ACI-53,5633045+ACI-,+ACI-9,9864222+ACI-
+ACI-53,5633862+ACI-,+ACI-9,9862905+ACI-
+ACI-53,563462+ACI-,+ACI-9,9861581+ACI-
+ACI-53,5635357+ACI-,+ACI-9,986017+ACI-
+ACI-53,5636109+ACI-,+ACI-9,9858584+ACI-
+ACI-53,563681+ACI-,+ACI-9,9856963+ACI-
+ACI-53,5637479+ACI-,+ACI-9,9855371+ACI-
+ACI-53,5638154+ACI-,+ACI-9,9853759+ACI-
+ACI-53,5638817+ACI-,+ACI-9,9852126+ACI-
+ACI-53,5639351+ACI-,+ACI-9,9850518+ACI-
+ACI-53,5639825+ACI-,+ACI-9,9848806+ACI-
+ACI-53,5640196+ACI-,+ACI-9,9847034+ACI-
+ACI-53,5640481+ACI-,+ACI-9,984525+ACI-
+ACI-53,5640722+ACI-,+ACI-9,9843558+ACI-
+ACI-53,5640925+ACI-,+ACI-9,9842007+ACI-
+ACI-53,5641113+ACI-,+ACI-9,9840427+ACI-
+ACI-53,5641293+ACI-,+ACI-9,9838659+ACI-
+ACI-53,564148+ACI-,+ACI-9,9836653+ACI-
+ACI-53,5641659+ACI-,+ACI-9,9834724+ACI-
+ACI-53,5641822+ACI-,+ACI-9,9832849+ACI-
+ACI-53,5641964+ACI-,+ACI-9,9830985+ACI-
+ACI-53,5642016+ACI-,+ACI-9,9829054+ACI-
+ACI-53,5642045+ACI-,+ACI-9,9827222+ACI-
+ACI-53,5642056+ACI-,+ACI-9,9825512+ACI-
+ACI-53,5642078+ACI-,+ACI-9,9823814+ACI-
+ACI-53,5642073+ACI-,+ACI-9,98221+ACI-
+ACI-53,5642057+ACI-,+ACI-9,9820277+ACI-
+ACI-53,5642055+ACI-,+ACI-9,9818347+ACI-
+ACI-53,5642056+ACI-,+ACI-9,9816331+ACI-
+ACI-53,5642063+ACI-,+ACI-9,981434+ACI-
+ACI-53,5642092+ACI-,+ACI-9,9812333+ACI-
+ACI-53,5642118+ACI-,+ACI-9,981038+ACI-
+ACI-53,5642134+ACI-,+ACI-9,9808476+ACI-
+ACI-53,5642153+ACI-,+ACI-9,9806624+ACI-
+ACI-53,5642162+ACI-,+ACI-9,9804769+ACI-
+ACI-53,5642163+ACI-,+ACI-9,9802742+ACI-
+ACI-53,5642166+ACI-,+ACI-9,980077+ACI-
+ACI-53,5642187+ACI-,+ACI-9,9798872+ACI-
+ACI-53,5642207+ACI-,+ACI-9,9796856+ACI-
+ACI-53,5642244+ACI-,+ACI-9,9794516+ACI-
+ACI-53,5642326+ACI-,+ACI-9,9792165+ACI-
+ACI-53,5642445+ACI-,+ACI-9,9790135+ACI-
+ACI-53,5642577+ACI-,+ACI-9,9788262+ACI-
+ACI-53,5642686+ACI-,+ACI-9,9786705+ACI-
+ACI-53,5642757+ACI-,+ACI-9,9785473+ACI-
+ACI-53,5642819+ACI-,+ACI-9,9784368+ACI-
+ACI-53,5642886+ACI-,+ACI-9,9783362+ACI-
+ACI-53,5642938+ACI-,+ACI-9,9782492+ACI-
+ACI-53,5642979+ACI-,+ACI-9,9781739+ACI-
+ACI-53,5643024+ACI-,+ACI-9,9781059+ACI-
+ACI-53,5643068+ACI-,+ACI-9,978056+ACI-
+ACI-53,5643087+ACI-,+ACI-9,9780256+ACI-
+ACI-53,5643091+ACI-,+ACI-9,9780217+ACI-
+ACI-53,5643088+ACI-,+ACI-9,9780306+ACI-
+ACI-53,5643085+ACI-,+ACI-9,9780373+ACI-
+ACI-53,5643083+ACI-,+ACI-9,978041+ACI-
+ACI-53,5643082+ACI-,+ACI-9,9780427+ACI-
+ACI-53,5643082+ACI-,+ACI-9,978044+ACI-
+ACI-53,5643082+ACI-,+ACI-9,9780447+ACI-
+ACI-53,5643081+ACI-,+ACI-9,9780452+ACI-
+ACI-53,5643081+ACI-,+ACI-9,9780454+ACI-
+ACI-53,5643016+ACI-,+ACI-9,9780178+ACI-
+ACI-53,5642977+ACI-,+ACI-9,9779979+ACI-
+ACI-53,5642956+ACI-,+ACI-9,9779874+ACI-
+ACI-53,5642942+ACI-,+ACI-9,9779843+ACI-
+ACI-53,5642935+ACI-,+ACI-9,9779828+ACI-
+ACI-53,564293+ACI-,+ACI-9,977982+ACI-
+ACI-53,5642928+ACI-,+ACI-9,9779816+ACI-
+ACI-53,5642927+ACI-,+ACI-9,9779809+ACI-
+ACI-53,5642925+ACI-,+ACI-9,9779806+ACI-
+ACI-53,5642925+ACI-,+ACI-9,9779806+ACI-
+ACI-53,5642925+ACI-,+ACI-9,9779805+ACI-
+ACI-53,5642925+ACI-,+ACI-9,9779805+ACI-
+ACI-53,5642925+ACI-,+ACI-9,9779806+ACI-
+ACI-53,5642925+ACI-,+ACI-9,9779807+ACI-
+ACI-53,5642925+ACI-,+ACI-9,9779808+ACI-
+ACI-53,5642925+ACI-,+ACI-9,9779808+ACI-
+ACI-53,5642925+ACI-,+ACI-9,9779809+ACI-
+ACI-53,5642925+ACI-,+ACI-9,9779809+ACI-
+ACI-53,5642925+ACI-,+ACI-9,9779809+ACI-
+ACI-53,5642925+ACI-,+ACI-9,977981+ACI-
+ACI-53,5642925+ACI-,+ACI-9,977981+ACI-
+ACI-53,5642796+ACI-,+ACI-9,9779817+ACI-
+ACI-53,5642732+ACI-,+ACI-9,9779698+ACI-
+ACI-53,5642712+ACI-,+ACI-9,9779347+ACI-
+ACI-53,5642724+ACI-,+ACI-9,977863+ACI-
+ACI-53,5642766+ACI-,+ACI-9,9777631+ACI-
+ACI-53,5642827+ACI-,+ACI-9,977648+ACI-
+ACI-53,56429+ACI-,+ACI-9,9775171+ACI-
+ACI-53,5642914+ACI-,+ACI-9,9773933+ACI-
+ACI-53,5642814+ACI-,+ACI-9,977275+ACI-
+ACI-53,564245+ACI-,+ACI-9,977177+ACI-
+ACI-53,5641954+ACI-,+ACI-9,9770908+ACI-
+ACI-53,564132+ACI-,+ACI-9,9770255+ACI-
+ACI-53,5640592+ACI-,+ACI-9,9769773+ACI-
+ACI-53,5639712+ACI-,+ACI-9,9769143+ACI-
+ACI-53,5638724+ACI-,+ACI-9,9768415+ACI-
+ACI-53,5637776+ACI-,+ACI-9,976766+ACI-
+ACI-53,5636803+ACI-,+ACI-9,9766892+ACI-
+ACI-53,5635772+ACI-,+ACI-9,9766146+ACI-
+ACI-53,5634666+ACI-,+ACI-9,9765477+ACI-
+ACI-53,5633662+ACI-,+ACI-9,9764889+ACI-
+ACI-53,5632741+ACI-,+ACI-9,9764336+ACI-
+ACI-53,5631867+ACI-,+ACI-9,9763806+ACI-
+ACI-53,563098+ACI-,+ACI-9,9763295+ACI-
+ACI-53,5630094+ACI-,+ACI-9,976277+ACI-
+ACI-53,5629277+ACI-,+ACI-9,9762264+ACI-
+ACI-53,5628485+ACI-,+ACI-9,9761761+ACI-
+ACI-53,5627639+ACI-,+ACI-9,9761245+ACI-
+ACI-53,5626792+ACI-,+ACI-9,9760729+ACI-
+ACI-53,5625888+ACI-,+ACI-9,9760178+ACI-
+ACI-53,5624875+ACI-,+ACI-9,9759619+ACI-
+ACI-53,5623765+ACI-,+ACI-9,9759101+ACI-
+ACI-53,562266+ACI-,+ACI-9,9758717+ACI-
+ACI-53,562156+ACI-,+ACI-9,9758411+ACI-
+ACI-53,5620471+ACI-,+ACI-9,9758113+ACI-
+ACI-53,5619366+ACI-,+ACI-9,9757803+ACI-
+ACI-53,5618351+ACI-,+ACI-9,9757519+ACI-
+ACI-53,5617523+ACI-,+ACI-9,9757267+ACI-
+ACI-53,561685+ACI-,+ACI-9,975705+ACI-
+ACI-53,5616232+ACI-,+ACI-9,9756859+ACI-
+ACI-53,5615743+ACI-,+ACI-9,975672+ACI-
+ACI-53,5615311+ACI-,+ACI-9,9756579+ACI-
+ACI-53,5614956+ACI-,+ACI-9,9756467+ACI-
+ACI-53,5614635+ACI-,+ACI-9,9756323+ACI-
+ACI-53,5614373+ACI-,+ACI-9,9756199+ACI-
+ACI-53,5614052+ACI-,+ACI-9,9756064+ACI-
+ACI-53,5613569+ACI-,+ACI-9,9755866+ACI-
+ACI-53,5612866+ACI-,+ACI-9,9755588+ACI-
+ACI-53,5611876+ACI-,+ACI-9,9755222+ACI-
+ACI-53,5610769+ACI-,+ACI-9,9754818+ACI-
+ACI-53,5609817+ACI-,+ACI-9,9754483+ACI-
+ACI-53,5609111+ACI-,+ACI-9,9754265+ACI-
+ACI-53,5608707+ACI-,+ACI-9,975418+ACI-
+ACI-53,5608356+ACI-,+ACI-9,9754156+ACI-
+ACI-53,5607969+ACI-,+ACI-9,9754131+ACI-
+ACI-53,5607582+ACI-,+ACI-9,9754106+ACI-
+ACI-53,5607154+ACI-,+ACI-9,9754103+ACI-
+ACI-53,5606683+ACI-,+ACI-9,9754135+ACI-
+ACI-53,5606174+ACI-,+ACI-9,9754178+ACI-
+ACI-53,560565+ACI-,+ACI-9,9754173+ACI-
+ACI-53,5605118+ACI-,+ACI-9,9754153+ACI-
+ACI-53,5604531+ACI-,+ACI-9,9754116+ACI-
+ACI-53,5603674+ACI-,+ACI-9,9754072+ACI-
+ACI-53,5602602+ACI-,+ACI-9,9754119+ACI-
+ACI-53,5601539+ACI-,+ACI-9,9754162+ACI-
+ACI-53,5600429+ACI-,+ACI-9,9754194+ACI-
+ACI-53,5599243+ACI-,+ACI-9,9754207+ACI-
+ACI-53,5598017+ACI-,+ACI-9,9754176+ACI-
+ACI-53,5596866+ACI-,+ACI-9,9754123+ACI-
+ACI-53,5595705+ACI-,+ACI-9,9754031+ACI-
+ACI-53,5594522+ACI-,+ACI-9,9753941+ACI-
+ACI-53,5593462+ACI-,+ACI-9,9753888+ACI-
+ACI-53,5592477+ACI-,+ACI-9,9753852+ACI-
+ACI-53,559152+ACI-,+ACI-9,9753842+ACI-
+ACI-53,5590621+ACI-,+ACI-9,9753828+ACI-
+ACI-53,5589729+ACI-,+ACI-9,9753796+ACI-
+ACI-53,558887+ACI-,+ACI-9,9753766+ACI-
+ACI-53,5588165+ACI-,+ACI-9,9753773+ACI-
+ACI-53,5587649+ACI-,+ACI-9,975383+ACI-
+ACI-53,5587226+ACI-,+ACI-9,9753924+ACI-
+ACI-53,5586952+ACI-,+ACI-9,9754018+ACI-
+ACI-53,5586914+ACI-,+ACI-9,9754037+ACI-
+ACI-53,5586924+ACI-,+ACI-9,975404+ACI-
+ACI-53,5586983+ACI-,+ACI-9,9754024+ACI-
+ACI-53,5587022+ACI-,+ACI-9,9754013+ACI-
+ACI-53,5587044+ACI-,+ACI-9,9754007+ACI-
+ACI-53,5587052+ACI-,+ACI-9,9754005+ACI-
+ACI-53,5587061+ACI-,+ACI-9,9754002+ACI-
+ACI-53,5587065+ACI-,+ACI-9,9754001+ACI-
+ACI-53,5587067+ACI-,+ACI-9,9754001+ACI-
+ACI-53,5587068+ACI-,+ACI-9,9754+ACI-
+ACI-53,5587094+ACI-,+ACI-9,9753927+ACI-
+ACI-53,5587044+ACI-,+ACI-9,9753883+ACI-
+ACI-53,5586894+ACI-,+ACI-9,975391+ACI-
+ACI-53,5586596+ACI-,+ACI-9,9754045+ACI-
+ACI-53,5586204+ACI-,+ACI-9,9754275+ACI-
+ACI-53,5585685+ACI-,+ACI-9,9754665+ACI-
+ACI-53,5585093+ACI-,+ACI-9,9755214+ACI-
+ACI-53,5584447+ACI-,+ACI-9,975593+ACI-
+ACI-53,5583741+ACI-,+ACI-9,975678+ACI-
+ACI-53,5583028+ACI-,+ACI-9,9757681+ACI-
+ACI-53,5582272+ACI-,+ACI-9,9758641+ACI-
+ACI-53,5581498+ACI-,+ACI-9,9759611+ACI-
+ACI-53,5580737+ACI-,+ACI-9,9760553+ACI-
+ACI-53,5579983+ACI-,+ACI-9,9761424+ACI-
+ACI-53,5579218+ACI-,+ACI-9,9762276+ACI-
+ACI-53,5578464+ACI-,+ACI-9,9763121+ACI-
+ACI-53,5577747+ACI-,+ACI-9,9763928+ACI-
+ACI-53,5577079+ACI-,+ACI-9,9764651+ACI-
+ACI-53,5576371+ACI-,+ACI-9,9765282+ACI-
+ACI-53,5575612+ACI-,+ACI-9,9765525+ACI-
+ACI-53,5574847+ACI-,+ACI-9,9765244+ACI-
+ACI-53,5574064+ACI-,+ACI-9,9764528+ACI-
+ACI-53,5573324+ACI-,+ACI-9,9763648+ACI-
+ACI-53,5572528+ACI-,+ACI-9,9762698+ACI-
+ACI-53,5571586+ACI-,+ACI-9,9761573+ACI-
+ACI-53,557066+ACI-,+ACI-9,9760357+ACI-
+ACI-53,5569866+ACI-,+ACI-9,9759294+ACI-
+ACI-53,5569175+ACI-,+ACI-9,9758327+ACI-
+ACI-53,5568581+ACI-,+ACI-9,9757484+ACI-
+ACI-53,5568004+ACI-,+ACI-9,9756675+ACI-
+ACI-53,5567311+ACI-,+ACI-9,975571+ACI-
+ACI-53,5566395+ACI-,+ACI-9,9754462+ACI-
+ACI-53,5565353+ACI-,+ACI-9,9753066+ACI-
+ACI-53,5564299+ACI-,+ACI-9,975172+ACI-
+ACI-53,5563357+ACI-,+ACI-9,9750506+ACI-
+ACI-53,5562558+ACI-,+ACI-9,9749329+ACI-
+ACI-53,556195+ACI-,+ACI-9,9748337+ACI-
+ACI-53,5561425+ACI-,+ACI-9,9747532+ACI-
+ACI-53,5560948+ACI-,+ACI-9,9746839+ACI-
+ACI-53,556048+ACI-,+ACI-9,9746235+ACI-
+ACI-53,556003+ACI-,+ACI-9,9745698+ACI-
+ACI-53,5559576+ACI-,+ACI-9,9745209+ACI-
+ACI-53,5559139+ACI-,+ACI-9,9744778+ACI-
+ACI-53,55587+ACI-,+ACI-9,9744368+ACI-
+ACI-53,5558166+ACI-,+ACI-9,9743883+ACI-
+ACI-53,5557544+ACI-,+ACI-9,9743321+ACI-
+ACI-53,5556951+ACI-,+ACI-9,974279+ACI-
+ACI-53,5556387+ACI-,+ACI-9,9742279+ACI-
+ACI-53,555582+ACI-,+ACI-9,9741769+ACI-
+ACI-53,5555373+ACI-,+ACI-9,9741367+ACI-
+ACI-53,5555088+ACI-,+ACI-9,9741109+ACI-
+ACI-53,5554868+ACI-,+ACI-9,9740911+ACI-
+ACI-53,5554659+ACI-,+ACI-9,974072+ACI-
+ACI-53,5554456+ACI-,+ACI-9,9740524+ACI-
+ACI-53,5554258+ACI-,+ACI-9,974034+ACI-
+ACI-53,5554053+ACI-,+ACI-9,9740152+ACI-
+ACI-53,555391+ACI-,+ACI-9,9740024+ACI-
+ACI-53,5553837+ACI-,+ACI-9,9739947+ACI-
+ACI-53,5553762+ACI-,+ACI-9,9739865+ACI-
+ACI-53,5553665+ACI-,+ACI-9,9739764+ACI-
+ACI-53,5553602+ACI-,+ACI-9,9739692+ACI-
+ACI-53,5553543+ACI-,+ACI-9,973963+ACI-
+ACI-53,5553436+ACI-,+ACI-9,9739519+ACI-
+ACI-53,5553302+ACI-,+ACI-9,973938+ACI-
+ACI-53,5553202+ACI-,+ACI-9,9739277+ACI-
+ACI-53,5553131+ACI-,+ACI-9,9739203+ACI-
+ACI-53,5553079+ACI-,+ACI-9,9739154+ACI-
+ACI-53,5553078+ACI-,+ACI-9,9739151+ACI-
+ACI-53,5553041+ACI-,+ACI-9,9739115+ACI-
+ACI-53,5552903+ACI-,+ACI-9,9738989+ACI-
+ACI-53,5552729+ACI-,+ACI-9,9738827+ACI-
+ACI-53,5552548+ACI-,+ACI-9,9738662+ACI-
+ACI-53,5552286+ACI-,+ACI-9,9738417+ACI-
+ACI-53,5551992+ACI-,+ACI-9,9738148+ACI-
+ACI-53,5551751+ACI-,+ACI-9,9737873+ACI-
+ACI-53,5551616+ACI-,+ACI-9,9737543+ACI-
+ACI-53,5551553+ACI-,+ACI-9,9737196+ACI-
+ACI-53,5551586+ACI-,+ACI-9,9736864+ACI-
+ACI-53,5551642+ACI-,+ACI-9,9736486+ACI-
+ACI-53,5551786+ACI-,+ACI-9,9736081+ACI-
+ACI-53,555195+ACI-,+ACI-9,9735765+ACI-
+ACI-53,555216+ACI-,+ACI-9,9735368+ACI-
+ACI-53,5552446+ACI-,+ACI-9,9734803+ACI-
+ACI-53,5552804+ACI-,+ACI-9,9734288+ACI-
+ACI-53,5553195+ACI-,+ACI-9,973383+ACI-
+ACI-53,5553609+ACI-,+ACI-9,9733442+ACI-
+ACI-53,5554122+ACI-,+ACI-9,9733116+ACI-
+ACI-53,555463+ACI-,+ACI-9,9732872+ACI-
+ACI-53,5555053+ACI-,+ACI-9,9732635+ACI-
+ACI-53,5555426+ACI-,+ACI-9,9732378+ACI-
+ACI-53,5555787+ACI-,+ACI-9,9732113+ACI-
+ACI-53,5556124+ACI-,+ACI-9,9731862+ACI-
+ACI-53,5556428+ACI-,+ACI-9,9731625+ACI-
+ACI-53,5556704+ACI-,+ACI-9,9731384+ACI-
+ACI-53,5556957+ACI-,+ACI-9,973112+ACI-
+ACI-53,5557215+ACI-,+ACI-9,9730824+ACI-
+ACI-53,5557458+ACI-,+ACI-9,9730544+ACI-
+ACI-53,555766+ACI-,+ACI-9,9730321+ACI-
+ACI-53,5557843+ACI-,+ACI-9,9730125+ACI-
+ACI-53,5558053+ACI-,+ACI-9,9729913+ACI-
+ACI-53,5558272+ACI-,+ACI-9,9729687+ACI-
+ACI-53,5558438+ACI-,+ACI-9,9729518+ACI-
+ACI-53,555858+ACI-,+ACI-9,9729385+ACI-
+ACI-53,5558737+ACI-,+ACI-9,9729237+ACI-
+ACI-53,5558958+ACI-,+ACI-9,9729038+ACI-
+ACI-53,5559262+ACI-,+ACI-9,9728757+ACI-
+ACI-53,5559608+ACI-,+ACI-9,9728433+ACI-
+ACI-53,5559942+ACI-,+ACI-9,9728093+ACI-
+ACI-53,5560243+ACI-,+ACI-9,9727714+ACI-
+ACI-53,556047+ACI-,+ACI-9,9727236+ACI-
+ACI-53,5560626+ACI-,+ACI-9,9726648+ACI-
+ACI-53,556052+ACI-,+ACI-9,9726062+ACI-
+ACI-53,556018+ACI-,+ACI-9,9725264+ACI-
+ACI-53,5559666+ACI-,+ACI-9,9724754+ACI-
+ACI-53,5559125+ACI-,+ACI-9,9724688+ACI-
+ACI-53,5558761+ACI-,+ACI-9,9724892+ACI-
+ACI-53,5558691+ACI-,+ACI-9,9725008+ACI-
+ACI-53,5558752+ACI-,+ACI-9,9724999+ACI-
+ACI-53,5558789+ACI-,+ACI-9,9724991+ACI-
+ACI-53,555881+ACI-,+ACI-9,9724986+ACI-
+ACI-53,5558822+ACI-,+ACI-9,9724984+ACI-
+ACI-53,5558829+ACI-,+ACI-9,9724982+ACI-
+ACI-53,5558832+ACI-,+ACI-9,9724981+ACI-
+ACI-53,5558833+ACI-,+ACI-9,9724981+ACI-
+ACI-53,5558834+ACI-,+ACI-9,9724981+ACI-
+ACI-53,5558836+ACI-,+ACI-9,972498+ACI-
+ACI-53,5558836+ACI-,+ACI-9,972498+ACI-
+ACI-53,5558836+ACI-,+ACI-9,972498+ACI-
+ACI-53,5558836+ACI-,+ACI-9,972498+ACI-
+ACI-53,5558836+ACI-,+ACI-9,9724981+ACI-
+ACI-53,5558836+ACI-,+ACI-9,972498+ACI-
+ACI-53,5558837+ACI-,+ACI-9,972498+ACI-
+ACI-53,5558837+ACI-,+ACI-9,972498+ACI-
+ACI-53,5558837+ACI-,+ACI-9,972498+ACI-
+ACI-53,5558837+ACI-,+ACI-9,972498+ACI-
+ACI-53,5558837+ACI-,+ACI-9,972498+ACI-
+ACI-53,5558837+ACI-,+ACI-9,972498+ACI-
+ACI-53,5558719+ACI-,+ACI-9,9724955+ACI-
+ACI-53,5558583+ACI-,+ACI-9,9724953+ACI-
